SUBDIVISION,1901,1902,1903,1904,1905,1906,1907,1908,1909,1910,1911,1912,1913,1914,1915,1916,1917,1918,1919,1920,1921,1922,1923,1924,1925,1926,1927,1928,1929,1930,1931,1932,1933,1934,1935,1936,1937,1938,1939,1940,1941,1942,1943,1944,1945,1946,1947,1948,1949,1950,1951,1952,1953,1954,1955,1956,1957,1958,1959,1960,1961,1962,1963,1964,1965,1966,1967,1968,1969,1970,1971,1972,1973,1974,1975,1976,1977,1978,1979,1980,1981,1982,1983,1984,1985,1986,1987,1988,1989,1990,1991,1992,1993,1994,1995,1996,1997,1998,1999,2000,2001,2002,2003,2004,2005,2006,2007,2008,2009,2010,2011,2012,2013,2014,2015
HARYANA DELHI & CHANDIGARH,390.1,419.8,428.9,527.8,322.9,593.6,443.9,689.0,769.3,605.2,509.7,529.3,508.4,664.7,422.4,629.1,986.7,234.7,553.7,368.8,446.5,552.9,581.5,654.8,557.2,615.9,502.5,388.2,306.6,500.5,519.2,440.1,856.9,501.4,568.3,511.1,481.7,278.8,310.2,395.7,363.9,804.5,407.9,484.2,654.6,437.8,464.5,592.1,485.3,551.1,338.2,556.3,561.9,537.0,694.1,653.8,617.2,673.0,484.9,722.9,627.9,511.0,521.8,710.9,381.9,707.7,839.9,388.3,477.2,538.2,636.8,440.8,527.2,384.9,622.1,726.7,740.1,651.1,341.5,513.2,493.4,506.6,744.5,479.2,572.4,450.9,318.6,845.0,416.5,703.1,393.9,429.7,523.8,564.4,819.1,644.6,668.6,685.3,344.4,384.4,485.5,357.2,597.6,487.3,519.5,330.9,446.6,710.4,395.4,640.5,512.0,391.4,461.2,305.5,435.3
SAURASHTRA & KUTCH,181.3,401.1,522.8,185.6,290.0,540.3,509.6,527.9,586.4,549.7,140.4,652.6,751.9,577.1,245.8,495.9,886.7,117.6,445.1,490.1,598.1,334.9,205.0,310.7,340.6,901.4,639.5,426.8,421.8,450.2,329.7,492.5,757.9,398.4,524.1,371.1,533.6,346.0,179.4,356.5,401.8,342.2,526.6,717.6,633.1,473.4,558.8,247.7,542.3,473.6,285.2,400.8,706.6,599.8,385.1,739.1,398.5,551.6,1020.9,337.2,752.9,371.8,379.1,539.5,421.3,326.5,738.6,314.6,290.0,835.8,513.6,222.1,390.3,184.7,682.1,625.5,564.1,488.6,955.4,635.8,705.0,401.3,758.4,443.7,298.8,298.5,92.7,752.3,498.2,407.9,218.7,600.7,312.7,872.8,374.1,374.4,600.2,566.9,380.7,286.1,510.2,308.1,686.2,482.2,631.6,701.8,890.7,607.9,596.9,1119.9,742.5,323.8,681.8,383.9,441.7
WEST RAJASTHAN,158.9,195.6,307.0,167.9,114.4,269.5,353.2,581.9,426.2,293.2,138.8,279.9,248.3,302.3,147.2,421.7,768.8,62.3,305.0,248.7,218.0,244.8,273.4,297.1,169.7,440.2,332.5,272.0,303.3,230.1,395.4,265.3,376.4,322.4,256.6,265.5,292.5,183.5,137.4,292.4,224.8,338.9,295.6,525.1,364.0,223.1,253.2,233.5,224.8,278.3,179.8,267.1,304.4,250.4,391.3,374.2,267.1,264.1,335.3,217.8,400.3,262.5,174.5,337.3,215.3,252.9,340.3,142.2,119.0,355.7,251.5,185.9,454.8,164.3,553.8,425.2,389.4,379.7,308.2,238.4,248.5,311.8,469.3,203.2,197.4,204.2,143.0,280.4,248.1,445.0,179.0,425.8,293.5,415.5,367.9,307.9,345.1,279.6,204.3,235.3,285.3,92.4,368.1,196.7,260.8,361.3,310.8,324.1,160.4,473.2,418.7,327.3,389.4,302.4,458.4
GANGETIC WEST BENGAL,1487.6,1347.7,1354.3,1383.1,1666.9,1395.6,1337.0,1400.0,1697.8,1385.9,1264.9,1347.4,1826.8,1383.9,1310.3,1600.5,1775.8,1395.4,1482.2,1363.6,1300.2,1655.6,1285.2,1266.5,1273.6,1705.4,1190.5,1625.0,1557.3,1380.8,1475.8,1306.9,1867.2,1117.4,1015.1,1505.6,1522.5,1337.8,1698.4,1358.5,1801.1,1615.6,1446.2,1406.4,1271.5,1714.2,1363.0,1532.1,1493.7,1615.6,1214.0,1395.7,1505.8,1080.0,1268.2,1714.2,1130.5,1151.1,1812.9,1245.5,1290.4,1173.6,1289.5,1278.5,1263.7,1118.7,1348.4,1597.7,1404.0,1648.5,2099.8,1333.2,1735.2,1470.7,1466.2,1240.6,1840.6,1872.5,1157.9,1521.0,1909.0,1111.0,1463.6,1831.7,1413.4,1791.0,1591.5,1681.5,1626.3,1961.3,1609.1,1414.6,1759.7,1530.8,1936.0,1504.0,1657.7,1632.7,1957.0,1572.1,1540.6,1613.3,1496.7,1569.4,1604.9,1660.5,1941.4,1555.2,1315.0,1064.8,1686.5,1268.0,1764.1,1261.4,1530.3
EAST UTTAR PRADESH,873.2,905.2,1216.4,1071.2,891.6,997.7,666.3,744.7,1106.9,1116.4,1113.9,879.6,861.4,988.8,1409.8,1201.9,1216.5,650.7,1023.4,860.2,1114.7,1364.0,1076.2,1119.9,1114.1,989.5,1031.2,804.8,1014.8,1069.5,1047.1,738.5,977.5,1068.4,919.8,1545.5,1035.3,1374.2,945.0,866.8,798.2,1028.6,1101.1,1061.5,980.4,1038.9,1006.3,1323.1,1131.0,951.4,752.5,935.9,1266.9,969.7,1424.3,1254.1,955.7,1016.9,869.2,1170.0,1214.3,1072.0,996.3,1036.6,685.5,707.8,1029.4,840.0,1024.6,1132.3,1311.1,666.9,955.7,882.2,1225.5,923.5,914.1,1116.3,696.5,1488.5,1110.1,1110.6,1204.8,1076.7,1175.9,935.3,824.7,1085.1,969.9,1106.1,875.2,863.4,834.0,910.2,860.5,1010.3,493.3,661.0,952.8,946.8,973.8,689.1,1096.4,746.9,770.3,632.1,741.2,953.4,610.2,692.2,781.2,602.7,1041.4,701.2,603.3
GUJARAT REGION,554.3,863.9,887.6,492.6,811.5,890.6,997.0,1027.5,977.8,974.6,403.5,1118.5,1162.6,1107.5,567.3,952.9,1524.9,392.6,1067.4,708.9,1172.8,878.7,553.2,909.6,593.1,1274.5,1422.1,821.0,676.3,894.7,1104.6,906.6,1137.1,979.6,756.9,609.3,1203.1,814.9,605.6,870.1,961.8,1186.8,912.8,1340.6,1277.0,1147.7,783.4,473.9,800.3,1129.3,478.3,776.6,1055.5,1248.0,975.7,1366.6,647.8,1123.1,1560.7,649.6,945.1,773.0,997.9,892.7,656.7,696.7,938.7,668.0,789.0,1353.8,769.2,503.8,1159.6,421.3,1192.7,1620.1,1307.7,935.8,904.5,822.0,1114.2,758.3,1213.9,853.6,589.7,501.8,401.9,1097.4,822.8,1118.4,672.7,901.1,941.4,1534.5,684.3,902.8,1068.9,1070.0,568.4,550.6,849.0,637.2,1160.3,1005.8,1316.4,1478.0,1178.9,911.1,641.6,1088.7,890.5,714.0,1118.6,705.7,622.9
ASSAM & MEGHALAYA,2498.6,2952.1,2544.7,2664.1,2790.6,2663.4,2521.1,2277.8,2377.0,2887.3,3096.2,2743.5,2760.5,2343.8,3165.1,2601.1,2519.9,3106.8,2344.2,2623.6,2999.7,2261.9,2440.6,2691.4,2550.5,2511.7,2793.1,2634.3,2953.8,2550.7,2800.1,2888.7,2339.1,3074.9,2678.4,2671.3,2324.6,2786.5,2401.6,2451.6,2709.5,2677.0,2703.7,2524.3,2665.7,2679.5,2643.3,3185.4,2983.4,2392.4,2613.8,2851.3,2559.9,2859.1,2761.2,2802.9,2257.2,2626.4,2535.8,2342.2,2195.3,2295.9,2511.8,2729.6,2398.9,2789.3,2123.4,2530.8,2332.2,3048.4,2315.1,2379.1,2672.1,3403.5,2270.6,1956.0,2616.6,2011.9,2188.5,2289.2,2079.3,2382.2,2620.0,3157.0,2801.6,2592.8,2921.4,3261.7,2682.1,2771.2,2838.0,2259.8,2879.2,2121.3,2886.1,2466.9,2372.2,2803.1,2594.2,2487.0,2178.4,2392.7,2434.1,2994.3,2468.3,1898.6,2752.8,2339.7,2068.2,2711.5,1743.4,2609.4,1816.4,2206.1,2470.9
TAMIL NADU,960.3,1138.2,1163.9,663.1,821.1,990.2,885.6,765.0,954.6,943.7,814.9,904.1,878.8,953.3,988.5,897.4,948.3,871.7,1028.6,1154.2,979.4,1080.5,834.1,895.1,1013.3,815.6,829.9,970.8,977.7,1275.4,1039.8,1109.8,1010.9,839.7,893.9,944.5,1020.1,783.2,1055.8,1178.5,1006.9,847.3,1187.3,1227.6,784.0,1294.1,939.5,906.7,840.7,747.5,855.1,716.4,968.0,1016.3,1060.6,989.7,866.9,852.5,894.3,1013.9,910.7,941.6,1072.8,910.6,921.8,1166.9,899.1,789.4,961.8,942.1,1047.6,1093.4,858.5,652.8,923.6,858.9,1246.0,998.8,1103.4,709.1,1045.9,678.6,1007.7,1023.8,1063.5,953.0,963.5,837.2,856.5,903.2,954.8,918.7,1082.3,905.9,843.4,1069.4,950.5,1079.7,922.6,972.0,483.4,318.0,348.5,1037.6,1365.3,927.9,1067.2,1203.4,928.5,1095.2,926.5,636.1,741.9,913.0,1204.6
CHHATTISGARH,1387.0,923.9,1331.2,1492.4,1251.1,1394.6,1308.8,1488.7,1284.1,1407.2,1504.1,1227.0,1234.6,1418.1,1455.9,1443.0,1727.7,1377.2,1859.0,1203.4,1319.4,1308.8,1387.2,1334.2,1737.1,1634.9,1537.1,1219.2,1663.8,1383.5,1467.0,1357.6,1650.6,1529.2,1269.2,1826.2,1616.8,1505.8,1480.3,1448.4,1005.1,1598.3,1645.1,1792.7,1585.6,1599.0,1599.6,1491.7,1499.6,1292.2,1411.6,1396.4,1370.2,1193.7,1440.7,1557.0,1222.4,1520.9,1544.2,1364.3,1974.0,1124.7,1337.2,1509.1,941.6,1087.1,1472.5,1168.0,1172.6,1501.5,1533.8,1198.9,1467.3,951.0,1475.5,1379.3,1465.5,1370.4,904.6,1495.4,1216.2,1197.4,1371.9,1254.7,1237.5,1368.6,1142.8,1206.3,1187.2,1643.8,1220.8,1156.6,1205.3,1754.5,1280.7,1187.0,1317.2,1332.5,1322.6,906.3,1600.1,990.2,1694.3,1144.5,1287.2,1317.7,1281.2,1108.5,956.6,1306.6,1302.7,1377.4,1420.0,1278.7,1117.6
COASTAL KARNATAKA,3056.9,3699.2,3317.4,3141.1,2652.3,2836.0,3535.2,3655.5,3172.9,3020.8,2522.3,3395.9,2836.3,3872.7,2648.7,3467.9,3424.1,2510.9,2918.1,2789.2,3007.4,3332.6,3681.1,3528.9,3581.3,2956.4,3216.4,3339.6,3663.6,2913.0,3842.4,3423.4,4139.5,3011.8,2886.0,3324.7,3314.2,3150.9,2744.2,3723.9,2515.1,3502.6,3577.2,2984.5,3079.3,4041.4,3338.0,3626.6,3362.4,3766.1,3124.3,2896.6,3463.3,3821.5,3552.5,3856.6,3174.8,3687.4,4330.8,3504.2,5553.9,4017.7,3171.3,3140.5,2831.1,2976.6,3181.8,3461.0,3342.9,4042.0,3235.2,2856.9,3126.0,3433.5,4300.0,2933.9,3379.0,3862.9,2823.4,3762.0,3848.6,4090.9,3942.2,3359.0,3015.7,2934.5,2716.2,3466.6,3215.6,4120.4,3719.7,3882.2,3481.3,4636.3,3357.8,3188.9,3953.6,3707.9,3779.9,3351.3,3111.6,2793.1,3071.9,3070.0,3470.9,3837.3,3860.2,3206.4,3862.0,3686.8,3908.6,0.0,4229.4,3684.4,3106.0
WEST MADHYA PRADESH,718.2,911.7,949.6,774.4,696.5,1010.2,650.4,832.6,830.2,959.5,676.5,807.3,790.5,836.3,772.7,1219.2,1309.3,509.4,1232.8,714.8,808.7,918.2,1071.0,1031.3,693.5,913.8,872.9,895.6,728.7,888.2,1131.6,988.3,1211.6,1164.9,871.1,901.2,1053.4,1001.2,802.5,1064.7,739.4,1201.7,962.9,1347.7,1047.4,1250.7,1064.7,1247.6,966.2,904.5,649.7,829.1,793.7,1100.7,1149.2,1065.8,832.9,1099.7,1181.4,882.3,1433.7,905.9,905.4,880.1,594.7,680.0,945.6,861.2,1117.0,1113.2,1135.7,770.3,1406.9,876.6,1064.6,1027.7,1002.7,1003.3,781.9,873.9,890.2,934.1,1071.9,859.5,874.7,937.1,783.9,951.2,758.5,1144.0,745.5,754.2,1031.9,1179.5,864.7,1085.4,1058.3,926.9,1052.7,0.0,787.0,684.1,946.4,848.1,752.2,1169.2,806.5,791.1,877.0,776.3,1063.9,1035.2,1396.3,864.9,1042.3
SUB HIMALAYAN WEST BENGAL & SIKKIM,2113.2,3180.4,2404.5,2169.9,3005.0,2618.0,2530.0,1988.2,2670.1,3046.1,3194.2,2793.6,2935.1,2414.1,2504.9,3476.8,2841.6,2981.4,2544.5,2884.1,3513.4,3001.9,2489.0,2950.9,2886.6,2637.7,2732.2,2868.9,2931.3,2184.5,2876.5,2715.6,2514.2,2612.9,2785.1,2660.3,2568.4,3249.3,2591.1,2320.2,2718.0,2365.4,2917.6,2583.2,2755.4,2768.5,2534.1,2936.6,3287.7,2762.5,2683.1,3270.7,2594.0,3055.6,2992.9,2885.5,2225.5,2820.3,2580.1,2610.5,2304.2,2521.7,2604.7,2981.4,2762.7,2515.3,2860.5,3378.8,2424.9,2702.3,3226.8,2414.6,2804.6,3341.6,2663.6,2793.9,2906.5,2377.8,2511.7,3148.6,2969.3,2337.7,2838.8,2748.4,3037.9,2365.4,3185.5,3141.4,2854.6,3565.3,3072.4,2358.8,2895.9,2127.3,3557.8,2800.3,2551.4,3655.1,3323.3,2908.0,2612.6,2547.0,2723.3,2714.7,2807.7,2262.1,2638.9,2689.9,2324.6,2612.3,2418.7,2632.2,2406.1,2322.6,2518.6
MATATHWADA,908.7,744.1,1032.6,690.5,505.9,770.7,557.9,682.5,892.7,1134.4,612.4,488.4,656.5,989.1,1001.6,1177.9,1168.3,486.1,662.8,361.2,562.4,836.1,765.0,662.7,604.9,715.5,744.6,825.8,609.4,640.3,1088.6,844.1,1122.9,876.6,922.1,727.8,738.2,1072.7,580.2,855.6,541.0,1003.0,852.4,759.0,622.5,848.7,854.8,946.4,914.2,657.4,731.4,546.1,891.2,899.6,1151.3,1037.3,900.7,1024.6,950.3,738.3,959.0,945.7,1001.2,780.6,631.4,747.1,759.8,712.4,824.6,910.9,607.9,347.1,871.3,650.6,1050.9,623.0,767.7,784.8,807.6,812.9,786.6,636.5,1187.6,552.7,575.4,562.9,786.2,1170.0,1068.3,1198.1,601.0,726.6,806.3,583.8,809.5,855.0,790.5,1126.7,767.6,684.4,732.4,722.1,720.1,678.7,940.5,872.9,714.6,646.3,668.9,1011.6,663.5,526.7,888.0,548.9,532.2
ANDAMAN & NICOBAR ISLANDS,3373.2,3520.7,2957.4,3079.6,2566.7,2534.4,3347.9,3576.4,0.0,2899.4,2687.2,2960.5,2365.8,2957.8,2741.3,2937.5,2612.4,3275.0,2352.1,2943.2,2606.4,3554.2,0.0,0.0,2480.5,3282.2,2442.9,2998.3,2926.6,3075.1,2357.7,0.0,2987.5,3722.8,3154.0,0.0,3591.1,3264.4,2782.5,3007.5,2898.2,0.0,0.0,0.0,0.0,2791.6,0.0,0.0,3489.6,2422.2,3275.1,3079.9,2721.9,3449.0,3349.6,3080.0,2507.2,2807.4,3343.3,3025.0,3938.2,2959.7,2981.7,3054.8,3163.8,2701.2,3216.4,2762.8,2619.0,3370.8,2998.6,3323.0,2991.1,2962.0,3085.7,3276.0,2388.2,2712.4,1849.4,3625.3,3074.8,2384.5,2792.4,2820.3,2630.8,2187.8,2764.0,3323.0,2533.6,2183.4,2535.8,2098.7,2237.4,3262.8,3115.4,2996.9,2755.1,2846.4,2699.7,2763.2,3080.9,2620.2,2355.9,2460.1,2954.7,2404.7,2748.0,3374.8,2538.6,3157.1,3828.0,3497.6,3757.8,2622.4,2904.6
KERALA,3248.6,3326.6,3271.2,3129.7,2741.6,2708.0,3671.1,2648.3,3050.2,2848.6,2726.7,3451.3,2610.8,2899.1,3024.5,2945.3,2704.8,2501.9,3003.3,3303.1,2719.9,3267.6,3484.7,4226.4,3062.1,2965.4,2994.7,2502.8,3361.6,3018.0,3259.6,3403.0,4072.9,2410.7,2498.2,3043.3,2818.2,2634.1,2937.5,3117.8,3111.1,3050.9,3464.2,2490.0,2432.4,3565.5,2998.1,3039.2,2942.6,3146.6,2705.5,2334.8,2544.9,2938.0,3134.7,2798.4,3103.3,2923.1,3746.0,3385.5,4257.8,3375.8,2651.1,2869.1,2342.4,2621.7,2569.1,3392.7,2665.0,2703.5,3076.8,2739.4,2412.5,2767.4,3498.4,2068.8,3047.6,3176.7,2503.0,2803.4,3005.9,2223.3,2320.3,2762.1,2390.5,2093.2,2137.6,2403.5,2422.7,2693.1,3184.5,3239.5,2717.7,3410.8,2858.8,2610.0,3252.4,3151.5,2914.6,2412.6,2931.1,2507.4,2394.9,2886.1,3031.1,3420.6,3489.6,2524.5,2810.6,3131.8,3035.1,2151.1,3255.4,3046.4,2600.6
EAST RAJASTHAN,412.5,578.3,686.1,694.5,279.8,647.4,551.8,870.2,781.6,685.3,420.4,655.4,498.3,676.6,401.8,845.3,1350.4,273.6,787.0,596.7,547.8,669.9,690.1,924.4,483.7,832.4,725.8,608.3,576.0,661.3,774.2,543.8,937.8,808.9,684.8,542.1,670.5,503.1,400.7,652.8,505.9,939.3,716.6,906.9,861.6,887.7,714.8,663.6,509.2,740.1,362.9,712.7,585.9,665.9,844.6,928.8,662.2,742.7,786.2,591.6,884.2,604.1,577.7,646.3,423.8,473.4,759.9,519.6,634.1,718.4,784.4,454.3,948.2,611.8,897.9,815.3,887.5,727.1,515.1,547.5,615.3,660.2,795.3,563.3,588.1,590.1,435.7,640.1,510.5,780.1,578.6,723.6,595.2,839.2,754.3,715.7,573.9,475.8,408.4,440.0,551.2,285.3,626.6,606.2,567.9,748.4,575.7,644.6,414.1,689.4,802.1,693.6,836.1,683.3,650.7
JHARKHAND,1274.5,1197.6,1174.3,1480.7,1354.7,1314.3,1455.7,1214.2,1447.9,1297.6,1475.4,1142.9,1585.6,1215.5,1102.3,1364.3,1724.4,1162.6,1633.5,1415.0,1233.8,1443.2,1431.9,1431.8,1327.6,1478.4,1283.1,1384.0,1611.5,1434.0,1350.4,1193.8,1535.6,1197.4,1151.6,1664.3,1450.6,1229.8,1519.7,1231.9,1513.5,1589.0,1556.1,1386.3,1308.7,1553.2,1234.5,1402.6,1436.7,1393.0,1071.7,1387.4,1509.4,1059.5,1080.8,1555.7,1377.5,1180.5,1599.9,1248.8,1560.5,1047.7,1315.0,1150.3,1012.4,879.8,1225.3,1293.4,1158.1,1291.5,1898.6,996.1,1441.0,1127.0,1361.3,1191.8,1521.5,1556.1,882.8,1340.6,1167.2,1085.3,1261.7,1529.9,1240.3,1335.6,1332.7,1153.7,1149.0,1404.2,1250.9,933.0,1204.0,1579.4,1366.5,1191.7,1461.3,1353.8,1586.9,1191.5,1254.4,1034.9,1245.0,1136.6,960.4,1459.5,1437.3,1325.3,996.1,697.1,1374.7,1065.0,1253.6,1156.6,1081.8
PUNJAB,523.5,398.0,571.0,451.5,434.3,677.5,589.2,740.4,846.1,616.3,505.6,536.4,561.2,794.4,421.7,588.4,1126.7,339.6,549.9,383.1,370.4,513.6,737.9,590.8,629.6,607.3,481.0,437.1,423.0,557.2,588.6,490.3,860.6,429.2,598.2,626.4,571.1,430.9,403.7,532.2,506.3,871.6,422.3,626.9,805.3,478.1,600.9,620.2,584.9,992.0,499.5,565.9,611.5,633.2,973.9,750.4,710.5,828.0,699.8,606.9,690.1,769.3,476.2,708.8,423.2,638.2,680.4,536.2,494.8,650.6,748.0,470.9,743.1,356.2,705.9,794.7,712.6,720.6,464.0,661.7,503.7,571.3,751.1,710.5,752.9,611.9,409.6,1222.6,480.3,754.7,475.9,478.2,583.1,580.9,869.1,589.7,690.1,588.6,364.4,405.3,441.0,274.7,424.6,351.7,552.0,647.7,594.8,717.1,361.2,451.5,705.2,493.6,586.6,382.7,510.8
WEST UTTAR PRADESH,775.9,736.6,808.4,945.2,433.5,978.7,589.5,866.3,903.0,875.9,751.6,804.5,495.3,887.5,802.5,1114.2,1120.2,371.9,969.1,622.8,992.3,1000.8,902.3,1064.1,943.8,917.0,934.2,644.6,650.1,788.1,930.8,706.0,1035.3,897.7,784.6,1218.4,676.7,730.4,721.1,783.9,516.4,1088.2,850.4,770.3,966.0,896.6,809.2,1028.1,906.7,834.0,728.9,875.3,761.8,879.3,1060.9,1064.4,1005.2,1165.3,768.3,1129.8,1198.3,798.2,929.7,1002.0,673.5,756.0,1157.2,693.3,878.1,863.8,1003.1,585.1,805.9,668.9,989.5,653.2,994.3,1244.2,558.0,984.7,739.6,969.1,1191.7,781.3,957.2,715.2,466.8,1035.6,657.3,958.0,748.7,820.6,771.9,806.8,826.8,941.2,445.2,867.2,786.4,771.4,661.7,625.2,1047.5,642.3,725.7,529.3,572.5,799.8,549.2,820.7,777.4,389.6,932.8,486.9,582.7
LAKSHADWEEP,1459.2,2158.8,0.0,1176.9,1574.9,1811.6,1458.8,1959.1,1463.5,1849.2,1687.7,1654.9,1518.5,2034.0,1545.5,1398.5,0.0,0.0,1926.5,0.0,0.0,1928.5,1572.2,1972.0,1676.9,1836.2,0.0,0.0,0.0,1258.4,0.0,1893.7,2314.1,1087.9,1529.2,1744.1,1443.6,1547.6,1207.3,1406.7,1163.4,1786.2,0.0,1668.1,1321.3,0.0,1755.9,1325.3,0.0,1494.1,1715.3,1124.5,1606.2,1555.5,1548.3,1287.4,1347.2,992.6,1583.6,1901.8,2235.3,1586.6,1902.1,1651.7,1405.9,1741.5,1287.3,1344.4,1416.1,1783.0,1901.4,1287.6,1557.4,1511.3,1890.5,1502.1,1848.2,1967.4,1825.4,1211.7,1617.4,1392.0,1403.2,1591.6,1303.4,1465.9,1288.6,1450.8,1714.4,1310.5,1583.0,1534.9,1449.7,1547.1,2030.9,1606.0,1764.7,1986.9,1857.3,1372.1,1380.6,1033.5,1532.9,1553.2,1575.4,1598.6,2361.6,1726.8,1570.1,1725.2,1533.7,1405.5,1426.3,1395.0,1642.9
SOUTH INTERIOR KARNATAKA,1003.0,1020.1,1269.9,845.8,759.4,1004.5,998.5,790.2,1087.4,1157.3,906.3,1150.2,876.4,926.7,1031.9,1230.7,1094.3,733.3,1011.4,828.9,986.1,897.1,990.5,1127.0,982.2,897.0,863.7,950.5,1034.9,993.3,1012.6,1270.1,1329.2,786.3,954.5,958.4,911.2,871.4,1024.6,1180.0,937.6,932.9,1137.1,1025.7,792.3,1245.0,958.3,1074.1,876.4,956.5,925.3,871.8,1255.9,1031.1,1002.0,1243.7,1064.7,1210.0,1280.9,989.9,1409.5,1307.2,992.8,1169.4,735.2,1010.9,940.3,1001.0,1106.5,1073.8,1020.2,1064.0,1086.6,1051.5,1334.3,761.2,1207.8,1231.6,1120.8,1225.0,1184.6,1003.5,1111.2,1063.9,859.3,1030.2,934.7,1022.2,913.5,848.5,1221.2,1201.0,1038.1,1157.8,883.2,1044.0,1180.0,1113.3,1149.6,1207.2,926.3,755.8,762.8,1133.4,1319.3,1030.5,1231.0,1140.6,1158.4,1239.7,1087.4,877.8,1110.7,1184.2,1112.5
RAYALSEEMA,714.0,818.4,1138.2,433.4,703.4,912.6,640.4,617.1,870.6,1001.1,590.6,745.5,616.3,678.3,923.1,1047.0,933.1,645.8,890.5,674.8,743.6,770.3,515.8,684.3,865.5,682.6,682.0,711.3,696.6,995.5,719.2,635.8,678.2,611.5,782.3,695.6,775.4,674.4,798.2,904.6,653.5,536.9,1036.5,917.4,604.1,953.7,624.3,608.9,826.5,510.9,538.4,701.2,795.7,785.4,816.4,931.0,571.7,808.4,635.8,744.0,651.5,816.3,709.1,791.6,595.9,904.1,737.6,623.9,842.4,776.4,621.1,826.0,689.5,728.5,1041.6,817.0,866.6,869.3,813.4,573.7,785.2,595.6,943.0,733.0,685.8,580.9,769.5,842.3,693.7,930.7,967.5,596.0,887.1,690.5,874.3,1277.7,835.0,948.1,537.2,871.3,924.5,615.2,725.5,741.7,1066.4,638.1,980.6,798.0,688.2,963.5,738.0,715.0,762.6,551.8,1047.1
TELANGANA,827.7,630.4,1283.4,526.7,724.9,855.2,843.7,982.8,769.5,975.9,662.0,743.8,732.2,1083.5,1022.0,1162.6,1206.0,554.7,894.6,437.0,1003.3,767.5,786.2,944.5,1167.9,763.5,1005.5,1006.4,790.5,835.8,1183.1,949.9,1396.3,927.9,898.5,1157.0,866.1,1175.3,740.0,1082.6,594.4,906.9,899.3,960.5,1027.4,822.8,1005.5,915.0,1038.6,761.3,900.8,729.7,1272.1,928.4,1203.2,1120.5,983.2,1113.9,1224.1,839.5,1146.5,1138.7,1010.1,887.5,778.9,970.9,942.1,748.7,1047.1,970.3,729.1,670.7,1042.5,830.4,1215.8,1035.6,808.6,1311.7,791.7,922.6,1143.5,933.2,1497.5,742.8,785.9,1007.3,976.9,1544.9,1161.0,1425.7,849.1,863.5,885.6,975.7,1286.0,986.8,856.0,1093.0,863.8,1078.0,922.3,765.3,963.2,667.0,1163.1,1053.0,843.3,1035.3,666.3,1276.4,753.1,1008.6,1348.7,746.4,857.3
EAST MADHYA PRADESH,1332.7,984.2,1178.1,1144.2,886.0,1369.7,1009.6,1430.6,1122.0,1222.2,1197.1,1150.6,936.4,1250.1,1382.3,1480.2,1639.3,930.5,1747.1,899.5,1132.1,1238.0,1443.9,1315.3,1354.5,1726.8,1235.9,1106.9,1247.4,1203.9,1342.2,1150.9,1368.4,1473.3,1279.9,1504.2,1398.0,1373.8,1347.2,1192.8,828.1,1508.4,1382.4,1427.0,1286.3,1494.3,1419.5,1430.4,1235.5,1177.9,1175.6,1155.3,1007.1,1076.7,1421.0,1515.8,1000.8,1171.6,1302.4,1252.0,1598.8,1068.4,1120.1,1187.3,697.8,849.1,1407.8,973.6,1242.1,1342.2,1518.7,1038.3,1252.3,971.1,1434.5,1055.6,1372.2,1392.6,809.8,1369.2,1036.0,1297.3,1275.5,1110.6,1115.4,1029.2,1116.1,1069.4,920.9,1380.0,1016.9,1051.1,1118.9,1533.7,1032.3,986.6,1357.1,1013.4,1443.9,874.2,1170.1,950.2,1438.1,955.3,1366.4,943.4,653.8,1003.2,943.9,960.4,1275.2,1053.1,1521.9,924.9,939.2
NORTH INTERIOR KARNATAKA,773.0,716.1,928.5,578.6,506.2,783.8,746.7,595.1,675.8,759.4,510.0,758.7,572.3,824.8,753.3,1087.9,823.8,528.0,727.1,470.3,582.8,509.0,602.8,591.2,642.6,581.0,680.8,768.5,598.0,632.7,719.2,808.8,947.3,591.2,714.9,564.7,552.4,815.1,653.9,736.8,535.7,585.7,879.2,722.1,544.0,808.9,786.3,778.3,763.3,706.5,708.4,628.5,891.2,683.3,967.1,1039.0,837.8,752.0,698.5,691.6,748.6,839.1,783.1,899.8,632.9,723.6,645.7,727.3,729.1,790.8,612.1,499.4,750.8,817.3,1093.7,561.3,849.9,904.9,963.2,691.7,877.3,681.4,777.9,618.1,501.2,620.4,747.4,795.4,676.2,719.0,720.0,668.3,731.8,643.0,662.3,811.8,1095.6,852.5,660.8,712.4,598.0,530.5,473.5,641.9,807.5,650.6,836.9,712.4,913.5,853.2,655.2,583.8,723.2,756.8,551.9
COASTAL ANDHRA PRADESH,993.8,1063.6,1316.2,860.2,795.2,1021.5,817.9,842.3,867.6,1254.6,819.5,903.6,841.0,1013.2,1347.4,1351.2,1289.6,778.0,1141.4,723.5,1015.0,853.3,1126.4,1182.0,1238.5,870.7,1053.0,1101.3,859.1,1222.7,1287.1,971.5,1087.3,884.2,751.1,1328.7,892.2,1206.2,1070.3,1069.0,1026.5,879.8,977.9,1155.9,991.5,970.2,1126.2,1024.6,1217.3,986.0,1096.1,916.7,990.0,1153.5,1378.9,1408.5,1017.6,1605.3,1120.7,943.6,1119.2,1345.5,1023.9,1061.0,754.2,954.7,843.1,838.9,1279.7,1064.2,1033.2,1028.5,859.1,944.9,1192.4,1090.3,1132.8,1038.3,934.1,1014.8,929.3,888.5,1196.0,785.2,967.6,1009.7,1079.9,1164.8,1030.0,1611.1,1122.1,1001.0,869.7,1155.1,1352.0,1210.9,972.1,1310.8,825.1,992.3,1009.3,703.2,1096.8,873.6,1221.6,1159.6,1099.2,1107.5,790.5,1712.4,861.9,1318.4,1120.5,874.9,1010.9
KONKAN & GOA,2792.9,2673.9,3084.3,2393.7,1682.8,2418.9,2766.6,2735.5,2860.5,2544.0,2134.7,2793.3,2617.4,3464.6,2525.8,3402.6,3430.9,1867.3,2851.7,1924.1,2899.2,2817.5,2770.5,2444.3,2305.1,3165.9,2747.0,3172.4,2509.4,2845.7,3999.3,2962.9,3343.4,3272.3,2542.7,2783.4,3192.0,3495.5,2758.6,3313.7,1889.6,3279.5,3251.3,2952.1,3244.5,3358.9,3090.1,3119.8,3213.7,2929.2,2849.4,2522.0,3327.8,3790.3,3897.5,3663.7,3123.5,4000.2,3588.6,3027.7,3921.0,3485.1,3606.8,3192.7,3071.5,2427.5,2752.3,2359.4,3127.4,3596.6,2754.0,1873.0,2836.3,3086.7,3515.4,3063.0,3103.3,2885.6,2509.2,2724.3,3124.7,2698.9,3814.5,2583.6,2968.5,2127.7,2635.0,3293.0,2771.5,3568.0,2954.6,2840.4,3480.9,3179.8,2766.0,2920.7,3027.2,3234.7,2912.1,3133.2,2395.4,2537.2,2842.3,2985.9,3615.7,3482.2,3468.5,3053.1,2716.6,3778.1,3825.2,3018.4,3524.0,2757.5,2082.0
UTTARAKHAND,1562.5,1324.2,1306.5,1492.0,1302.1,1537.9,1194.4,1256.2,1717.7,1963.9,1542.9,1394.5,1137.6,1940.9,1601.3,1678.8,2102.9,1215.2,1583.1,1328.4,1848.7,1860.0,1582.9,1927.1,1535.0,1381.2,1649.9,1241.9,1212.2,1271.2,1334.1,1369.6,1595.8,1339.0,1137.2,1912.3,1533.6,1529.3,1142.6,1223.7,1061.6,1711.4,1366.7,1198.9,1648.0,1526.7,1359.8,1535.4,1412.1,1584.1,1174.3,1477.8,1565.8,1862.9,1666.9,1943.0,1780.7,1499.0,1743.0,1540.1,1948.3,1647.4,1802.0,1769.6,1305.7,1465.8,1556.2,1478.6,1635.7,1293.5,1803.8,1077.8,1239.7,1161.8,1580.3,986.3,1416.3,2031.4,1072.3,1333.5,1356.1,1372.1,1525.3,1339.1,1653.7,1514.5,987.3,1602.4,1263.8,1564.9,1020.7,1108.1,1594.1,1441.7,1616.1,1401.4,803.4,1198.6,1185.5,1712.9,1544.4,1574.7,1734.3,1219.6,1348.2,1178.9,1924.3,1363.7,847.8,1424.0,1564.7,1223.9,1735.4,1287.4,1247.6
HIMACHAL PRADESH,1345.1,951.6,993.3,987.6,930.2,1317.5,875.4,987.6,1077.0,1406.9,1333.8,1207.6,1119.3,1735.9,1236.8,1172.1,1703.6,984.7,1213.1,1084.8,1311.2,1718.6,1620.9,1660.7,1509.3,1450.0,1435.0,1308.9,1424.7,1305.5,1266.3,1418.9,1240.4,982.1,1027.9,1158.0,1465.0,927.5,877.8,1088.6,895.5,1328.3,1223.1,1128.8,1646.9,1539.0,1313.2,1758.7,1310.9,1684.4,1238.5,1263.7,1425.7,1717.6,1919.2,1541.6,1822.7,1572.3,1640.3,1115.1,1515.5,1393.5,1354.5,1354.1,1220.4,1371.0,1558.5,1168.2,1127.6,1082.5,1275.1,842.3,955.2,776.1,1054.1,1179.3,1245.0,1371.2,1021.0,1155.0,1147.1,1423.0,1189.6,968.3,1193.9,1322.6,1035.6,1881.1,1177.2,1462.7,1104.8,1383.1,1128.3,1410.2,1493.9,1384.4,1454.5,1381.6,1144.9,1068.4,991.8,990.4,1034.5,878.5,1248.5,1218.4,1034.5,1114.2,956.5,1259.4,1108.3,951.6,1211.9,1008.7,1210.5
BIHAR,952.3,1206.2,1016.3,1269.5,1498.5,1265.1,1126.4,737.5,1390.5,1398.5,1449.2,1129.4,1529.7,1059.8,1349.4,1504.6,1334.1,1411.7,1252.7,1123.9,1272.2,1449.2,982.8,1456.3,1191.5,1121.8,1100.2,1249.8,1359.2,1114.3,1146.3,926.9,1392.6,1226.1,1240.4,1572.5,1306.4,1506.7,1243.2,1088.3,1223.1,1252.5,1169.9,1228.8,1242.9,1393.7,1092.1,1299.2,1444.4,1124.6,850.2,1206.8,1378.7,1050.5,1244.2,1493.4,966.9,1167.4,1179.6,1247.9,1258.1,1178.1,1326.1,1122.5,1002.7,767.0,999.9,1140.1,1288.6,1074.7,1432.6,717.9,1189.0,1235.2,1069.1,1161.7,1147.5,1290.8,1001.9,1252.2,1364.7,933.5,1104.2,1426.2,1455.0,1322.1,1660.4,1337.4,1269.9,1239.4,1045.7,797.6,1208.3,969.4,1111.9,1107.2,1303.7,1332.5,1402.7,1207.0,1247.0,1105.8,1353.9,1147.8,907.8,1052.8,1600.2,1197.7,889.3,629.2,1097.1,1032.4,1069.9,1061.0,872.7
NAGA MANI MIZO TRIPURA,2168.4,2175.0,2230.7,2519.8,2527.6,2514.4,2121.7,2319.3,2308.7,2267.9,2479.8,2308.8,2613.2,2529.2,2819.9,2555.0,2222.2,3013.3,2047.9,2375.8,2638.2,2462.6,2685.5,2701.7,2447.5,2463.2,2887.5,2472.4,2859.4,2487.4,2461.1,2761.7,2451.8,3040.8,2543.3,2917.1,2741.6,2971.6,2608.3,2526.7,2966.2,2680.9,2427.9,2877.3,3051.9,3036.2,3210.2,2822.1,2976.3,2423.0,2609.3,2810.9,2661.6,2905.1,2865.0,3022.7,2303.9,1968.6,2327.6,1799.9,1901.2,1822.5,2970.0,2328.7,2031.0,2478.6,2229.9,2110.0,3610.0,4316.2,3080.7,1353.8,2105.8,2329.6,2209.7,2651.4,2358.5,2150.8,1749.2,2305.0,2072.2,2027.5,2588.0,2454.0,2105.3,2342.3,2361.3,2820.2,2359.0,2582.3,2851.9,2221.4,2881.7,1712.5,2340.2,2194.5,2212.0,2225.4,2233.0,2363.9,2149.0,2242.3,2162.2,2353.7,1836.7,1872.0,2538.2,1748.9,1737.7,2295.2,1892.1,1922.9,1557.2,1599.9,1922.4
JAMMU & KASHMIR,979.9,760.5,1286.6,982.2,1157.7,1193.1,1069.6,1227.3,1339.9,1109.4,1280.2,936.7,1000.2,1692.1,963.9,1034.3,1386.1,916.5,1189.2,889.9,1057.6,890.8,1264.3,1182.2,1013.3,1123.6,973.1,1291.0,1102.7,1168.0,955.0,1039.4,1187.7,803.1,1085.5,1140.8,939.6,1061.7,1003.5,878.3,871.6,1239.8,1167.7,1051.0,856.2,922.3,914.0,1183.1,946.9,1523.1,963.0,1069.6,1229.6,1307.1,1156.4,1520.8,1520.3,1350.4,1550.3,766.4,1138.2,930.3,909.2,946.2,912.6,1378.9,1091.3,1065.6,1095.6,657.0,764.7,1145.6,1100.5,802.6,1180.4,1023.7,955.0,1061.6,1077.4,1017.9,1135.5,1202.2,1485.2,1157.4,1167.1,1521.0,1216.0,1670.9,1216.0,1574.0,1448.8,1478.1,1243.8,1732.5,1619.6,1620.4,1295.9,1325.9,890.3,984.6,952.7,903.5,1311.1,944.9,1692.7,1519.8,1023.5,1224.5,0.0,997.9,887.6,1034.7,859.3,1093.4,1572.8
MADHYA MAHARASHTRA,769.0,784.0,837.9,603.5,537.8,744.3,815.1,722.0,755.2,915.2,544.3,764.9,732.5,1039.0,908.1,1072.4,938.2,438.0,879.1,600.3,734.3,805.2,680.9,748.2,661.8,787.1,925.2,831.7,690.4,929.1,1132.4,1045.1,1152.4,858.3,819.0,735.6,914.4,1126.3,821.9,893.2,774.3,941.3,993.2,1086.0,793.4,1103.6,905.7,1016.3,953.7,932.6,797.0,683.3,893.6,985.1,981.0,1233.8,849.8,1054.1,1118.9,885.9,1070.5,899.0,899.9,945.7,790.7,837.3,913.0,824.0,984.1,941.4,773.2,519.9,980.6,911.8,1040.7,1025.8,947.2,883.6,1026.8,939.5,929.8,751.9,918.8,779.9,656.1,644.1,807.6,976.6,816.6,1022.5,880.5,791.3,1019.8,1021.5,776.4,975.2,1000.9,1101.1,965.7,701.6,785.1,740.3,772.6,1029.5,1221.3,1395.7,1040.4,916.9,941.7,1027.5,852.6,689.8,962.4,838.0,644.5
ARUNACHAL PRADESH,0.0,0.0,0.0,0.0,0.0,0.0,0.0,0.0,0.0,0.0,0.0,0.0,0.0,0.0,0.0,0.0,0.0,5486.3,4693.9,4106.7,5691.4,4187.2,3507.5,4450.5,4439.8,3521.6,5253.2,5272.7,4320.2,4334.1,4872.1,4850.9,3773.3,4575.7,4173.7,4788.9,3375.1,6129.0,3898.7,4099.3,4220.2,3828.2,4326.7,3904.3,3649.3,4011.2,4369.1,6331.1,4874.7,0.0,3354.2,2396.1,0.0,0.0,0.0,0.0,0.0,5063.5,4195.5,3709.4,3676.5,0.0,4138.0,4959.3,2196.8,2209.6,1668.5,2139.0,1877.7,1973.4,2184.5,2281.3,2457.5,3063.9,2213.3,2419.5,3774.3,2531.0,2773.6,3215.3,2790.9,2779.5,3335.3,3278.0,3266.2,2495.6,3433.2,4155.3,3281.6,3604.0,3434.4,2707.0,3348.9,2287.4,3068.8,2520.5,2274.9,3616.7,2316.6,2596.8,2036.0,2389.2,2451.8,2545.7,2335.5,2259.6,3020.7,2244.4,1749.9,2855.7,2193.7,3440.3,2042.9,2403.2,2767.5
ORISSA,1284.2,1349.0,1568.3,1514.8,1357.3,1408.2,1447.1,1430.6,1535.5,1598.5,1417.3,1397.2,1544.3,1598.5,1437.1,1479.4,1850.1,1297.4,1758.1,1402.6,1324.0,1466.5,1258.6,1263.4,1807.8,1535.8,1525.5,1585.6,1637.8,1446.4,1477.2,1440.2,1851.0,1488.9,1219.4,1876.0,1567.3,1441.6,1563.4,1687.7,1435.2,1448.3,1586.5,1608.1,1538.6,1614.9,1410.9,1333.8,1348.9,1392.8,1396.2,1516.7,1437.7,1208.0,1597.0,1885.4,1277.5,1624.0,1495.9,1593.0,1945.3,1346.5,1562.0,1354.7,1174.7,1286.8,1427.5,1464.1,1283.2,1412.3,1596.8,1324.9,1573.5,987.0,1392.0,1178.8,1477.9,1439.0,995.9,1462.9,1295.7,1258.5,1432.0,1377.6,1607.3,1560.0,1097.6,1306.9,1299.7,1905.0,1472.8,1329.5,1448.0,1744.6,1614.0,1061.8,1504.5,1357.1,1484.3,1097.2,1672.5,1102.8,1648.2,1290.4,1503.4,1716.9,1633.8,1538.9,1330.3,1291.9,1346.2,1405.9,1632.4,1536.9,1210.1
