Entity,1990,1991,1992,1993,1994,1995,1996,1997,1998,1999,2000,2001,2002,2003,2004,2005,2006,2007,2008,2009,2010,2011,2012,2013,2014,2015,2016,2017
Afghanistan,0,0,0,0,0,0,0,0,0,0,0,990,1003,20272,25520,306904,545607,505719,502210,994154,1152127,1485430,1674380,1872170,2293061,2786634,3672058,0
Albania,0,0,0,0,0,347,996,1503,2018,2537,3562,10173,12167,30236,74977,186102,293521,454678,713808,1220606,1323236,1434063,1595975,1669655,1755386,1849106,1942025,0
Algeria,0,0,0,0,102,511,511,3069,6140,61385,153332,204121,509246,711374,1521549,1945357,2491454,3241766,3548821,3982805,4514705,5486114,6836984,8626176,11538427,15230924,17438483,0
Angola,0,0,0,0,0,0,114,856,2861,11478,17270,23100,47512,67477,87691,223557,303936,356961,413429,518640,654336,750776,1631250,2313852,2745888,3454554,3745750,0
Antigua and Barbuda,0,0,0,0,0,1620,2162,2706,3251,4338,5418,7569,10783,15039,21417,24098,27090,31070,35142,39304,44491,49774,56131,62020,67017,69946,73703,0
Argentina,0,0,1007,10072,15104,30193,50280,100457,301083,1203699,2608357,3665016,4123168,4564063,6210799,6936809,8278569,10370927,11352549,13871798,18550750,21245008,23489980,25481415,27809040,29542778,31118074,0
Armenia,0,0,0,0,299,1697,2996,3498,4000,29986,39919,49759,59477,138071,147000,156605,166616,176607,180600,441953,719328,920186,1080721,1212380,1587459,1723987,1882003,0
Aruba,0,0,0,0,0,0,2303,0,0,4011,14030,15886,17858,20180,22710,25408,28233,31277,52704,58843,63035,70417,75907,81415,86959,92510,98053,0
Australia,99709,189508,309285,349259,399161,498856,598443,3023026,5751305,7693499,8914445,10152449,0,0,0,12750509,13578580,14547458,15296165,16141237,16811249,17868675,18029261,19320093,19718721,20125028,21288325,21160670
Austria,10070,20138,50339,60402,110738,151030,553967,765852,1240028,1855324,2721778,3173139,2973941,3491089,4460082,4787117,5269091,5765884,6076231,6147793,6321759,6661296,6816593,6915305,6992548,7284877,7346364,7681572
Azerbaijan,0,0,0,0,110,160,499,1996,2995,7992,12002,25048,413827,0,0,685682,1034948,1268514,1506782,2445288,4154930,4573190,5021585,6851264,7127830,7405463,7605244,7763795
Bahamas,0,0,0,0,0,2690,4958,3911,6775,11052,23831,35770,55648,63149,70956,82312,87316,92429,109972,120225,155158,238269,266931,271613,293964,301734,312986,0
Bahrain,0,0,0,0,0,1952,4880,9794,19750,30047,40899,104902,132700,167851,178074,189426,270694,340912,579030,628065,682474,984267,1144191,1183870,1209481,1282387,1396667,1431062
Bangladesh,0,0,0,0,0,0,0,930,4659,46671,93475,174082,191132,227821,281253,346583,1453680,2648505,3720145,4664096,5629517,6926036,7786353,10446977,22157334,23212928,29733670,0
Barbados,0,0,0,0,0,21,1036,2091,5279,6390,10723,32310,75569,108058,135999,143855,152097,160719,170274,180170,181999,186600,200489,202841,212992,216318,226713,0
Belarus,0,0,0,0,49,296,2962,4938,7411,49423,184805,424598,877834,0,0,0,1551157,1878762,2186686,2602075,3012437,3754156,4443189,5134721,5597959,6383925,6741547,7047894
Belgium,101,2015,10082,20181,70685,101014,303024,504859,807377,1412363,3026176,3228655,4802051,5206390,5644591,5887272,6342005,6893685,7114254,7602203,8204054,8987777,8946641,9163220,9536287,9600720,9826872,10021205
Belize,0,0,0,0,0,94,1886,2856,4816,9744,14749,0,14904,0,27057,48157,69779,73408,80521,85389,90693,101062,104377,115645,136106,149428,163572,0
Benin,0,0,0,0,0,0,103,1548,3098,10323,15465,25718,51283,71545,91647,101457,126364,151341,160893,200361,287937,392465,437812,490218,617203,1190322,1304029,0
Bhutan,0,0,0,0,0,0,0,0,0,767,2299,5098,10162,15193,20214,25262,30373,40668,45912,51227,98959,106633,117463,171351,235264,313380,333248,0
Bolivia,0,0,0,0,0,5055,15132,35249,50283,80339,120319,180162,269741,309122,398161,477038,575629,991280,1199982,1639470,2221686,3023503,3618464,3847058,3654507,3813949,4322219,0
Bosnia and Herzegovina,0,0,0,0,0,0,572,2230,5388,7307,40792,45275,99993,149849,584926,806476,949493,1053701,1304463,1413952,1591191,1618958,1644043,1749193,1780067,1859915,2119233,2437067
Botswana,0,0,0,0,0,1012,2526,5040,10058,19079,50168,60210,60268,60359,60457,60548,80833,101081,121647,121763,120892,184621,334290,638552,796837,824297,885770,0
Brazil,0,4997,20010,40066,60165,170636,743411,1317038,2514909,3522098,5031955,8049430,16482783,24101487,35236408,39295164,53260636,58989026,65284806,76438210,79997683,90779948,97392413,103309366,111400310,120133479,126403573,0
Brunei,0,0,0,0,0,3023,10065,15075,20062,25030,29979,43936,53174,69247,106834,133160,156195,167489,174456,188048,205991,220647,240940,261687,283129,297290,380876,0
Bulgaria,0,0,0,201,1655,10027,60137,100168,150135,234597,429555,603697,714241,939587,1403854,1534447,2065601,2545522,2979348,3355214,3423142,3529510,3794088,3855523,4007568,4066447,4266455,4492334
Burkina Faso,0,0,0,0,0,0,100,1993,4982,6970,8947,18840,24708,47257,52161,63072,87498,106890,135145,171094,374525,482457,617284,1553618,1653082,2062374,2603042,0
Burundi,0,0,0,0,0,0,49,488,980,2462,4944,6949,7970,13995,25071,40245,50472,55577,66519,76401,87669,100383,113700,121367,136507,496319,544479,0
Cambodia,0,0,0,0,0,0,0,660,1893,3799,5714,9544,28679,33491,39247,42109,63109,67016,70791,74678,180290,450674,729977,1021543,2137911,3464690,5106764,5441827
Cameroon,0,0,0,0,0,0,0,959,1919,19221,38509,43419,58046,97039,165533,244354,363136,538985,642838,746210,858731,1026022,1581179,2165572,3606172,4722213,5859797,5581180
Canada,99970,159962,259995,340102,690444,1221165,2002527,4507110,7513571,11020176,15767452,18676889,19291569,20305051,21072546,23137566,23635330,24170590,25621288,27133234,27437440,28667056,28967585,30249215,31018839,31804708,33081802,0
Cape Verde,0,0,0,0,0,0,0,984,1973,4945,7929,11915,15909,19901,24874,28826,32737,40293,68841,104362,150715,162581,178556,195040,211944,227447,271522,312327
Central African Republic,0,0,0,0,0,0,201,502,1003,1503,2005,3010,5023,6035,9059,11071,13074,16069,43454,79276,88971,98475,134712,152988,162554,172752,183785,0
Chad,0,0,0,0,0,0,0,49,331,991,2979,3979,14949,29959,35045,40193,60554,91294,132493,172542,202082,233484,266808,328340,393514,490329,722627,0
Chile,0,0,4997,9965,19881,49606,99089,155338,247482,618671,2533617,2949989,3452823,4024740,4501077,5033903,5629961,5920516,6214904,6994316,7647009,8962562,9529015,10128530,10763792,13611542,14965390,14864002
China,0,0,0,2053,14356,61435,163519,407873,2136150,9032277,22788500,34076238,59681957,80993322,95922546,112645367,139874702,213888081,303837841,390747678,466396000,523744941,581710631,633319291,665862876,702705362,746662194,765367947
Colombia,0,0,0,0,39465,70408,125569,212751,441864,676024,891931,1169905,1912335,3114590,3895884,4764564,6725134,9673657,11494795,13624854,16760105,18725507,22962546,24476321,25124208,26962240,28285392,30548193
Comoros,0,0,0,0,0,0,0,0,195,784,1474,2463,3160,4947,7927,12233,13781,16041,19717,23564,35174,38861,43253,48198,53005,57989,63157,0
Congo,0,0,0,0,0,0,102,103,104,527,850,1068,5358,16112,38849,54414,77154,109733,176450,191417,219335,252713,282945,313592,346335,380467,416317,0
Costa Rica,0,0,36,2723,9589,14635,30251,60405,100452,150267,227686,382073,808368,838959,870582,937499,1081507,1240929,1430288,1540821,1659027,1803947,2210708,2163062,2521515,2873314,3207196,3511631
Cote d'Ivoire,0,0,0,0,0,29,1261,2908,9686,19346,38623,67436,86473,134128,152852,190558,285148,343547,370462,398727,550836,605964,1070930,2635957,4342744,8882897,9765088,10650799
Croatia,0,0,0,4567,12498,23731,39297,78393,147030,196322,294240,509511,780697,998485,1355070,1450888,1659991,1807723,1925514,2195720,2447571,2492696,2661267,2855333,2919390,2956870,3062930,2810896
Cuba,0,0,0,0,0,10,3502,7514,25082,34962,60346,120787,422984,589375,947323,1098868,1260615,1321401,1463482,1621956,1801955,1818707,2413015,3187418,3325561,4275698,4932377,0
Cyprus,0,0,401,462,929,3508,5881,39019,80789,105036,143902,180713,276677,298963,341822,337175,374606,433675,457609,546952,589570,639580,688868,748735,798896,832611,888129,952407
Czech Republic,0,0,0,60219,130471,150568,200840,301442,402193,704233,1006377,1509577,2453409,3512072,3635035,3618059,4935969,5378175,6563863,6756674,7251072,7449887,7773855,7851612,7867467,8023744,8115380,8358640
Democratic Republic of Congo,0,0,0,0,0,0,46,93,185,463,2779,5554,46243,69333,104058,130329,167398,216145,265644,349493,464567,800563,1158815,1568953,2211686,2895471,4889495,0
Denmark,5001,10003,20010,30020,70056,200185,300315,600709,1201529,1628039,2092276,2301691,3452025,4108102,4372454,4485916,4717489,4651104,4674225,4799167,4928258,5013979,5176396,5335049,5436791,5479948,5538674,5567241
Djibouti,0,0,0,0,0,101,201,548,645,740,1396,2517,3634,4748,6022,7469,10112,13112,18598,33474,55324,60616,72850,85185,97693,110570,123775,532863
Dominican Republic,0,0,0,0,0,1360,6021,11648,19406,93120,317219,385230,602691,708309,807031,1060768,1391168,1678469,2006323,2707623,3107967,3810296,4297575,4719115,5159217,5708049,6801383,0
Ecuador,0,0,548,1796,3900,5015,10067,13143,15238,102087,184654,343226,556974,592747,653116,823325,1005659,1534189,2716142,3614054,4335541,4760652,5417722,6308334,7250291,7901124,8858247,9521429
Egypt,0,0,0,598,3989,19955,39913,59854,99711,199323,448283,597555,1974451,2987306,8985522,9789214,10676526,12749822,14579794,16493004,18167243,21989776,23182700,26403385,31119506,35466326,39469731,43850341
El Salvador,0,0,0,0,0,0,4900,14718,24574,49248,69085,88589,112866,149288,192025,253216,333106,371700,615918,743224,980176,1170394,1264244,1444511,1555330,1691909,1839784,0
Equatorial Guinea,0,0,0,0,0,0,0,226,535,575,813,1057,2140,3616,6117,8708,10134,12914,15805,19364,57066,114343,144813,177734,213009,250593,290470,0
Eritrea,0,0,0,0,0,0,0,285,283,842,4638,5519,8208,0,0,0,0,17029,19893,23276,26784,31323,36488,41859,46986,52528,58322,0
Estonia,0,0,996,4475,16899,39823,49977,80440,151830,203562,399824,438777,574110,622202,725417,833046,856939,889641,945569,968477,987088,1016263,1038615,1057305,1110606,1162899,1144939,1153818
Ethiopia,0,0,0,0,0,10,1008,3029,6068,8107,10156,25453,51042,76761,115917,168539,244904,299702,374332,461248,657770,990514,2680881,4364835,7497242,13837584,15736221,0
Fiji,0,0,0,50,61,71,505,1772,5067,7601,12143,15128,50187,54922,60664,69473,79432,90976,109634,144834,171990,242784,294772,309660,331291,379163,417986,0
Finland,20039,70139,95192,130267,250527,711557,861989,1002462,1314430,1671570,1932433,2241685,3254709,3618201,3794818,3916849,4204112,4279736,4451162,4407149,4662328,4780796,4865186,4975287,4724315,4737632,4826448,4831111
France,30063,80198,160445,341052,521839,953970,1511652,2500385,3730876,5412783,8528696,15772178,18175928,21882805,23837107,26250973,28868585,40949992,44054538,44871728,48707065,49293971,51828313,52363068,53759659,50283063,51304091,52308536
French Polynesia,0,0,0,0,0,0,199,480,3006,8034,15083,15083,20091,35099,45029,54908,64736,74504,89139,118449,131232,132223,143667,155364,167164,179277,191776,0
Gabon,0,0,0,0,0,0,0,548,1993,2990,14972,17010,25105,35323,40641,68659,79310,85882,115231,150742,213227,305478,421636,554959,714107,883722,951332,0
Gambia,0,0,0,0,0,98,389,579,2393,8557,11355,16984,23562,32999,46265,54865,78095,95503,109294,125098,155678,189835,224351,260305,298418,326302,377123,0
Georgia,0,0,0,0,0,594,1981,2974,4962,19873,22890,46364,73437,117170,176175,272758,334110,362658,434485,860541,1138317,1314780,1517391,1751879,1756632,1879730,2326195,2366455
Germany,99604,199129,348429,373319,746622,1492989,2487416,5469527,8050374,16985643,24622623,25806862,39842914,45662751,52894546,56116305,58839519,61138494,63282136,63962833,66333724,65775045,66758038,68400867,70235938,71567689,73434128,69300711
Ghana,0,0,0,0,0,58,971,4849,5815,19382,29093,38845,165430,243942,360296,394477,602187,873958,994852,1300368,1911944,2260962,2727703,3951938,6880236,8674205,9778145,0
Greece,0,5046,5047,20194,40407,80879,151828,202741,355380,762710,1018260,1223017,1645504,2001355,2414136,2712289,3656753,4083466,4362305,4852183,5082026,5899878,6266005,6777643,7120433,7497417,7726596,0
Grenada,0,0,0,0,0,0,300,1002,1504,2509,4130,5223,15069,19088,20090,21092,22093,23089,24091,25083,28263,31523,33754,37068,54882,57481,59943,0
Guam,0,0,0,0,498,960,2008,3524,6854,13082,25028,39695,49026,53176,57171,61080,69569,73312,77003,80638,86164,92134,98438,104885,111502,118338,125446,0
Guatemala,0,0,0,0,0,312,2080,10395,51948,67487,82992,207280,414093,568629,652643,746474,870806,1000121,1162528,1331407,1536194,1838717,2443369,3072454,3726113,4681665,5722498,0
Guinea,0,0,0,0,10,53,158,317,527,5262,8406,15748,36734,41984,48288,52489,62993,78757,94973,99231,107942,220703,349726,519148,755553,991506,1214801,0
Guinea-Bissau,0,0,0,0,0,0,0,193,289,1437,2861,3797,13233,17892,24416,26255,29061,31902,34872,34951,38119,42649,47408,52126,57295,62689,68296,0
Guyana,0,0,0,0,0,0,502,1003,2002,29957,49804,99351,0,0,0,0,0,103206,135829,178221,223220,224730,229693,235005,244286,261295,275760,0
Haiti,0,0,0,0,0,0,596,0,1982,5938,19772,29627,78932,147876,492551,590653,639467,688096,737582,798082,836968,913055,1008343,1105768,1205261,1306503,1326911,0
Honduras,0,0,0,0,0,2100,2565,10309,18653,36463,78543,94726,178264,337623,403433,479273,588230,724549,755775,787432,908801,1327904,1541223,1541086,1680798,2474964,2733860,0
Hong Kong,0,7081,50286,79852,168586,197627,296413,668622,941683,1396886,1854346,2599610,2912150,3540505,3836657,3884996,4171109,4470161,4629195,4846391,5058159,5101518,5180565,5304240,5746029,6155104,6388370,6585380
Hungary,0,351,5009,20037,50090,70119,100151,200248,400375,600426,715440,1481042,1694984,2193705,2805923,3930695,4732305,5342732,6094633,6174544,6453096,6732757,6966023,7149393,7424102,7126092,7730392,7461350
Iceland,0,1301,4004,7007,18016,30017,40000,74937,99834,114745,124711,139736,225752,239403,244178,256632,268287,276511,282904,293960,299154,306664,313188,315736,322415,324299,326623,0
India,0,0,1008,2016,10077,251924,453560,705842,1412482,2826612,5555185,7073322,16759877,18686779,22253980,27322412,32599283,46597409,52435034,62170631,92323552,125596668,158894454,193062893,271710452,340354035,391255067,0
Indonesia,0,0,0,0,2055,51425,113200,395330,525205,927107,1957942,4330058,4641917,5264458,5814620,8166249,10951361,13481392,18697862,16562361,26483634,30172882,36137845,37653620,43729473,56733881,66453884,85249263
Iran,0,0,0,0,244,2532,9746,29321,63783,246307,617797,995859,3145028,4771282,5214321,5704167,6239562,6821345,8756034,10168884,11856234,14343401,17377897,23191898,30854765,35978058,42729084,49035599
Iraq,0,0,0,0,0,0,0,0,0,0,0,24252,124696,153766,236849,243076,263779,264031,291114,316883,769068,1586353,2327137,3117249,4624303,6219115,7898106,18892351
Ireland,0,2031,6089,10137,20251,40473,80931,151775,303647,415014,687024,904564,1027870,1389400,1527224,1753020,2359107,2689788,2933497,3077962,3231909,3491804,3598407,3663531,3912712,3924345,4017692,4024333
Israel,4985,9965,14935,19893,29807,49626,119002,247754,594224,791625,1255296,1065228,1108384,1244086,1472983,1663555,1883425,3331754,4215152,4587495,5012522,5212908,5450966,5494351,5957407,6238096,6525047,6788835
Italy,10023,20040,40063,70081,110097,300254,585625,1301950,2605356,8221573,13241080,15654450,16207614,16885900,19443640,20582969,22444442,24193981,26496412,29123117,32062960,32503424,33349398,34881495,33152548,34596781,36444965,36388297
Jamaica,0,0,0,0,925,2778,15145,20638,51672,62070,82782,103413,164422,211576,272878,351318,452686,585624,658469,681392,779522,1059323,959971,1058020,1156361,1212566,1278367,0
Japan,25269,50523,121178,504476,1008107,2014884,5538558,11628186,17052903,27238783,38248371,49214502,59595203,62029977,79997523,85883663,88214549,95479401,96927083,100281994,100540420,101588804,102094352,113196925,114201877,116531474,119039541,115848998
Jordan,0,0,0,0,0,1062,2119,28962,64353,126725,133869,244391,318599,456891,645381,738998,822906,1238638,1492659,1773490,1953610,2643655,2957252,3483174,4069899,5506058,5891172,0
Kazakhstan,0,0,0,0,85,1812,5035,10065,20119,70410,100673,151321,252985,304710,407787,460292,512835,636822,1760129,2945518,5182076,8423574,10475331,10892921,11541934,12572064,13416643,13913107
Kenya,0,0,0,0,0,199,2488,9962,14963,34963,100031,200323,401150,1004097,1060500,1118181,1333874,1675780,2035718,2454469,2977211,3738842,4582896,5827490,7594001,7841219,8044620,0
Kiribati,0,0,0,0,0,0,0,0,503,1005,1507,2007,2184,2667,3169,3693,4242,5779,6891,9021,9311,10466,11457,12482,13531,14610,15672,0
Kuwait,0,0,0,1619,2449,3268,13962,37300,56053,93082,138043,180388,219721,485946,506217,590240,684441,871187,1113983,1432021,1840823,2098725,2392169,2715341,2976788,3051156,3175904,4053797
Kyrgyzstan,0,0,0,0,0,0,0,0,3485,9951,51244,149024,149684,195918,256450,534630,630942,728118,826180,854525,883841,963655,1107633,1307276,1634202,1774110,2054728,0
Laos,0,0,0,0,0,0,0,0,497,1980,5918,9836,14727,18631,20474,48930,68431,97577,214853,369122,437239,570014,689482,811820,937794,1212842,1478052,0
Latvia,0,0,0,0,0,0,20146,50377,80579,105653,150657,170281,511749,622098,879182,1035912,1193387,1300863,1377190,1433925,1449716,1459513,1510932,1535372,1528828,1578201,1573312,1585391
Lebanon,0,0,0,0,0,2172,4304,38383,84773,169727,257300,227907,246599,296117,347694,404267,608603,765804,926219,1260803,1894463,2385951,3011287,3719652,4090394,4330094,4571675,0
Lesotho,0,0,0,0,0,0,51,101,201,996,3958,4925,20620,29395,42069,50303,58571,68298,71597,75115,78765,144492,208993,317604,472073,543661,602965,0
Liberia,0,0,0,0,0,0,0,106,105,310,511,1011,1002,993,985,0,0,19369,19414,76231,90807,101754,108721,137161,237539,265652,337691,0
Libya,0,0,0,0,0,0,0,0,0,7047,10018,19941,124061,158062,201540,226945,252964,281920,544777,661074,863680,867090,0,1022335,1101850,1185644,1275778,0
Lithuania,0,0,0,0,0,0,9998,35027,70109,103160,225065,249383,609377,884659,1055923,1211288,1450312,1626785,1775117,1893658,1940506,1960036,2041940,2051762,2136380,2092750,2163058,2243311
Luxembourg,0,0,600,1199,1998,6493,22984,29998,50016,74988,99812,159191,176780,244014,297658,320489,337573,374651,398902,433301,460249,468102,489529,510820,526664,546225,565019,570780
Macao,0,0,0,0,140,1080,2862,9493,28702,38562,58242,98661,112996,118452,148433,168234,228900,238444,253265,283669,296396,330783,344888,378903,410851,466332,499791,517814
Macedonia,0,0,0,0,0,808,1512,10078,20178,30312,50577,70850,355079,391588,502742,544942,590472,749761,951821,1071169,1074714,1175041,1191533,1354212,1413943,1463421,1501732,0
Madagascar,0,0,0,0,0,0,514,2057,9265,25768,30965,36182,56954,73134,93529,104102,114707,126318,329942,335277,359578,413135,513971,688834,872823,1011524,1173445,2505948
Malawi,0,0,0,0,0,0,0,485,1933,9639,14423,19184,25841,34397,44050,50136,57093,133685,99899,157446,342776,520400,700329,837146,995113,1634020,2075104,0
Malaysia,0,0,199,4979,19908,29857,179128,497597,1493050,2787970,4958180,6326654,7825461,8633924,10636631,12477950,13500012,14830596,15127977,15431409,15827219,17467428,19194160,16949918,19244796,21833124,24571919,25343837
Maldives,0,0,0,0,0,0,588,818,1533,3074,6179,10383,15741,18062,20451,21903,36130,54779,80053,87916,96705,127545,150349,175252,201184,227870,252772,0
Mali,0,0,0,0,0,0,203,1020,2055,6495,15634,20994,26426,37260,53635,64898,96508,110772,221970,262919,301502,341902,448187,576724,1187399,1804435,1999620,0
Malta,0,0,0,0,0,856,4035,15180,25392,30558,52018,71360,116057,127576,140213,167759,165100,192442,206394,243707,262149,284572,286978,291675,311390,324817,331851,344976
Mauritania,0,0,0,0,0,0,0,103,1035,3114,5203,7296,10436,12538,14650,20975,31551,47491,63721,79943,144382,167295,191512,244663,434839,635679,774183,0
Mauritius,0,0,0,0,0,0,2099,5489,29893,54690,86297,104837,123217,147341,166415,185405,205092,249497,270290,280030,353546,437233,443944,503582,563275,631483,658723,0
Mexico,0,5120,15374,25644,40023,96457,191764,610260,1250865,1863019,5168767,7253884,12418317,13627618,15086377,18668070,21490032,23273144,24675979,30424077,36427531,44273257,48029252,53254132,55141968,72300485,75938137,82473657
Micronesia (country),0,0,0,0,0,0,301,619,2012,3016,4012,4994,5959,9862,11743,12618,13475,14313,15139,15958,20723,23591,26884,28829,30840,32898,34999,0
Moldova,0,0,0,0,36,150,200,1205,11093,25375,53894,62272,158179,309017,442856,608283,813223,844309,961666,1126411,1319287,1549400,1766765,2443178,2726859,2805526,2882322,0
Mongolia,0,0,0,0,0,202,421,2633,3435,12082,30103,40005,49840,0,0,0,0,233250,257557,266829,276690,345189,461533,507831,583096,669797,674073,0
Morocco,0,0,0,0,0,1005,1559,6020,40094,50071,200156,400211,700403,1000777,3503192,4603934,6103238,6713564,10458559,13211827,16853012,15150376,18472270,18941871,19492671,19865736,20556219,22073555
Mozambique,0,0,0,0,0,0,494,1978,3461,9892,19801,29748,49689,82719,138014,178758,181635,201914,356409,630445,1010033,1072377,1540596,1928107,2513421,4743200,5051281,0
Myanmar,0,0,0,0,0,0,0,0,0,69,0,135,201,11461,11700,31630,88924,106766,108855,109562,125390,495420,2039461,4115856,5981666,11385134,13260073,0
Namibia,0,0,0,0,0,102,154,1033,5192,6247,31238,46735,51677,66744,76445,81492,90429,100577,112249,138908,252088,265875,292985,321996,351855,623075,769538,0
Nepal,0,0,0,0,0,198,988,4926,14718,34183,48586,57992,76882,95514,113853,211930,296083,369629,458032,526800,2142935,2459443,3082773,3722046,4373108,5038238,5706349,0
Netherlands,50043,80067,200191,300335,500620,1001258,1501709,2202023,3502435,6203726,7005030,7908633,9874037,10425312,11159977,13257398,13760466,14166355,14484387,14902714,15134742,15300967,15590352,15821975,15481910,15536692,15358408,15877031
New Caledonia,0,0,0,0,0,10,494,1976,3953,11864,29673,39582,49501,59426,69347,75295,79243,84165,84131,84096,105436,127329,149799,172847,185848,199132,0,0
New Zealand,0,0,10017,22499,114812,179493,298945,547902,1197108,1584314,1828377,2080623,2341492,2451955,2523654,2593703,2888283,2953046,3081677,3445815,3516152,3589038,3647665,3739609,3904529,4071073,4123448,0
Nicaragua,0,0,0,0,595,1386,3953,9871,14794,24644,49273,73900,88681,98550,123220,138052,152910,215362,296509,413660,573772,615629,793410,921591,1058463,1198422,1511150,0
Niger,0,0,0,0,0,0,102,204,307,3080,4117,12382,15520,19707,24933,30143,41553,57264,106600,120186,136332,153582,186182,211903,239099,492693,893643,2195911
Nigeria,0,0,0,0,0,0,9781,19568,29366,48970,78404,112793,412328,737167,1741348,4931178,7908003,9912433,12027791,14359403,18236500,22477036,26934863,32819397,37056705,44389527,47743541,0
North Korea,0,0,0,0,0,0,0,0,0,0,0,0,0,0,0,0,0,0,0,0,0,0,0,0,0,0,0,0
Norway,30041,60088,95142,120179,180283,280502,801774,902524,1003358,1789602,2339671,2894813,3311320,3570624,3572352,3798075,3857619,4102790,4321465,4444867,4562921,4625506,4743864,4825957,4950119,5033977,5112723,5120147
Oman,0,0,0,0,0,0,0,9894,19427,56726,79843,135251,160445,173068,165237,167843,214381,444149,551803,772628,1089688,1553889,2078786,2466279,2781362,3088120,3400430,0
Pakistan,0,0,0,0,0,151,3768,35562,58122,74957,0,1867087,3728355,7445962,9294582,9746067,10211110,10902642,11455122,12528719,13644815,15676584,17719989,19806673,22265551,26513272,29974665,0
Palestine,0,0,0,0,0,0,0,0,0,0,35817,60777,104754,142126,154210,572366,673689,794495,938346,1275658,1520994,1716682,1864013,2057224,2435236,2677623,2930876,0
Panama,0,0,0,0,205,1538,6152,15385,80108,114001,198633,224571,268257,320514,364255,382471,588481,769854,1189202,1398824,1460932,1583223,1520566,1690075,1753671,2032471,2178424,0
Papua New Guinea,0,0,0,0,0,0,104,5185,12432,36227,46542,51680,77480,82612,92910,108372,113520,118677,78053,111854,90985,145387,260079,387236,504126,625666,776284,0
Paraguay,0,0,0,0,0,0,992,4959,9919,19834,39645,59408,98878,118437,196918,458250,468393,668806,862924,1158161,1229556,1558562,1871663,2385858,2817611,3300970,3591314,4160051
Peru,0,0,0,0,2009,8032,60182,100161,299973,499084,797253,1990286,2385340,3124778,3845520,4721380,5785638,7129766,8755853,9106473,10213217,10716572,11520725,11981761,12451288,12833058,14444940,15673479
Philippines,0,0,0,0,3988,19963,39971,100035,824175,1092830,1545990,2010757,3524396,4033420,4440226,4656770,5040775,5330821,5644766,8299879,23431656,27630603,35099725,47368415,49650716,54621685,57342723,0
Poland,0,1991,19908,49769,149350,249078,498699,799087,1581756,2104097,2808569,3814134,8139466,9559736,12490240,14888551,17092434,18628178,20362439,22600176,23883144,23739826,23875573,24077183,25503178,26019206,28018760,29004155
Portugal,0,9997,25067,45264,72634,151671,303823,506835,1013920,1520320,1701394,1880938,2022938,3111526,3345884,3696946,4029041,4474218,4700771,5145879,5677687,5870494,6385071,6537222,6763327,7150500,7304070,7622268
Puerto Rico,0,0,0,0,997,4985,9974,49895,99799,199389,397720,593927,666114,746358,835736,881105,955392,1043429,1419599,1546427,1683662,1779352,2551327,2545219,0,2331715,2517649,0
Qatar,0,0,0,0,0,977,4858,16486,19375,23181,28806,38064,66026,132500,157095,213911,292749,440164,615479,844704,1227976,1346917,1461931,1919653,2172356,2304973,2423097,0
Romania,0,0,0,861,6080,17213,50539,100817,502533,601238,799648,997787,1438038,1933874,3238675,4607669,5238751,5953219,6750195,7546172,8161831,8119215,9254571,9986840,10801256,11083840,11768741,12545023
Russia,0,0,997,19960,79872,219691,399434,698891,1197831,1497090,2894596,4293326,5994039,11998882,18523256,21868272,25831490,35300825,38389219,41496902,61556164,70199354,91502341,97603037,101380524,100865491,105225728,109443932
Rwanda,0,0,0,0,0,0,54,106,830,5101,5043,20047,24993,30982,37995,49998,0,199849,436868,768263,819747,736125,865682,995864,1202608,2093320,2383502,0
Saint Lucia,0,0,0,0,0,449,999,1499,1999,2998,7989,12965,23392,33776,34714,35309,40525,46673,50766,53017,56089,59103,60878,63238,70039,75367,83185,0
Saint Vincent and the Grenadines,0,0,0,0,0,139,522,1001,2001,3001,3501,5502,6002,7002,8002,10003,13069,17448,22925,33868,36839,40128,43731,47554,51835,56665,60934,72048
Samoa,0,0,0,0,0,0,0,301,398,496,989,2967,3964,4974,5498,6032,8093,8659,9234,11090,13034,20643,24449,29186,40765,49228,57390,0
Sao Tome and Principe,0,0,0,0,0,0,0,0,395,494,6429,8938,10984,15077,20247,21414,22596,23797,25838,28030,32771,36048,39454,43020,46688,50492,55975,0
Saudi Arabia,0,0,0,0,0,2053,5114,10162,20167,100170,459035,997232,1398653,1804871,2377368,3037222,4782828,7575771,9338677,10131367,11244527,13413060,15706633,18116408,19916742,21968896,24168034,26375524
Senegal,0,0,0,0,0,61,1009,2515,7523,30008,39928,99703,104640,224244,480530,538563,648535,818088,868922,941319,1033298,1303489,1479979,1849762,2574662,3248550,3955355,0
Seychelles,0,0,0,0,0,0,506,1007,2000,4986,6002,9095,12045,12536,21234,22553,31338,34650,36673,0,37476,39639,43444,46754,47797,50864,53253,0
Sierra Leone,0,0,0,0,0,0,107,215,645,2152,5397,7595,8735,9888,11043,12188,13316,14427,15413,16407,37461,59505,169153,276883,428806,459147,870767,0
Singapore,0,5001,15034,25093,40123,99960,297771,491598,731018,922366,1409026,1674642,1941668,2287733,2709425,2739536,2721022,3308037,3347265,3426207,3602719,3674972,3795090,4337027,4305783,4373574,4748163,4821092
Slovakia,0,0,0,6835,17081,28125,42179,63259,145122,293514,508973,676530,2167622,2324111,2855753,2979688,3027502,3336165,3565944,3780503,4091591,4027090,4155434,4225232,4345186,4222798,4381283,4446690
Slovenia,0,0,0,8199,21384,57732,100887,150924,200877,250746,300467,600002,553511,633581,812703,934459,1082248,1142482,1174232,1302671,1431618,1382784,1408276,1501564,1482518,1516643,1568755,1640798
Solomon Islands,0,0,0,0,0,89,993,1489,1986,1986,1986,1986,2185,2482,2978,3967,7926,9859,15134,20643,26390,32377,38593,45081,51795,58751,65941,0
Somalia,0,0,0,0,0,0,119,240,603,1213,1802,7343,11058,37004,106570,112149,117925,123879,129915,135884,0,155059,175719,196985,220264,244783,269178,0
South Africa,0,5106,15299,45840,101772,284827,361155,712524,1289552,1854732,2445806,2943880,3155608,3339076,4064900,3655950,3755233,4023588,4249742,5097082,12380319,17753916,21729267,25001839,26724390,28706715,30248355,0
South Korea,9986,20008,43154,110828,139570,371307,743208,1663664,3162187,11075156,21181681,27005438,28514843,31613592,35258106,35800745,38187655,38661194,39867378,40293434,41475740,41665689,41994852,42528466,44115997,45483702,47156754,48482630
Spain,5060,10121,30366,50614,111369,151903,532863,1125016,1757522,2872255,5573115,7512138,8560848,17031505,19079069,21087612,22528250,25016555,27414692,29001069,30786919,31471340,32711154,33451792,35444980,36510136,37338225,39216797
Sri Lanka,0,0,0,0,501,1001,10006,30018,55034,65046,121596,150136,200203,280271,280158,349889,499143,768659,1156858,1762593,2423802,3047253,3734712,4495464,5320880,6211879,6666125,0
Sub-Saharan Africa,0,0,0,0,0,0,405593,781014,1457807,2299787,3284011,4307745,5678149,7785382,10838288,15048748,20467911,26629659,31038075,37808955,59096809,72826152,91651962,113117208,138535761,175112830,197652432,0
Sudan,0,0,0,0,0,0,0,313,1249,2340,7027,39175,126040,158504,238943,399395,0,2795667,0,0,5742456,6140213,7557940,8364931,9298622,10284180,11082072,0
Suriname,0,0,0,0,0,509,1018,4574,7709,8835,11840,14640,20102,23049,29993,31948,47907,71919,108490,163266,166196,170108,186265,202910,219610,236573,253499,0
Swaziland,0,0,0,0,0,10,495,889,986,4922,9831,13751,19632,26501,35356,40884,41420,46676,79384,105552,132794,222139,259389,314050,338992,338235,383770,0
Sweden,50050,100096,130116,150127,300267,450483,801190,2104397,2968852,3676372,4057813,4606002,6295334,7083260,7542247,7667464,7982881,7514776,8313201,8475265,8451151,8781507,8890216,9113677,8964611,8846786,8819442,9554872
Switzerland,39763,79542,119386,149360,189347,249299,321259,1070857,1764551,2427078,3375775,3968679,4447763,4747022,4981433,5194626,5663425,5836596,6055721,6290312,6571024,6756166,6842983,7021751,7192696,7278055,7488864,7943192
Tajikistan,0,0,0,0,0,0,0,0,0,2005,3021,3243,3576,4248,5201,20473,264089,514801,641794,752513,882608,1018418,1160083,1308449,1462644,1622534,1788044,0
Tanzania,0,0,0,0,0,0,500,2499,3000,25012,40055,60156,80330,251485,335672,433516,528254,670779,822133,1071942,1336859,1522269,1938778,2228010,3656441,5387996,7224386,0
Thailand,0,30,199,7927,22744,44515,69458,219426,672161,1511710,2322547,3530674,4825510,6002983,6940485,9830834,11295897,13258982,12111328,13443255,15054773,15984332,17951517,19720603,23870612,26993509,32713589,36515273
Timor,0,0,0,0,0,0,0,0,0,0,0,0,0,0,0,1017,5243,10650,16172,21840,33288,45261,80973,130280,212242,285425,320292,0
Togo,0,0,0,0,0,0,481,9574,14298,28489,39763,46006,52515,64697,83019,102299,116756,131942,147883,164592,195089,233775,274379,316933,412048,528076,860281,963813
Tonga,0,0,0,0,0,118,158,494,743,993,2388,2786,2884,2980,3968,4959,5953,7349,8354,10360,16662,26144,31485,34499,38033,41111,42795,0
Trinidad and Tobago,0,0,0,0,0,1985,4946,14790,34402,73537,97906,195751,281107,333491,348758,375809,390992,422891,457749,585477,644129,736803,798462,860182,881775,941163,1000475,0
Tunisia,0,0,0,0,661,1020,2556,4097,10254,153899,266800,420586,518162,645169,854383,975403,1324112,1760973,2865140,3584789,3915495,4207734,4511609,4824376,5144028,5242252,5656011,6400330
Turkey,0,0,0,4792,28707,47778,114523,285982,428574,1427699,2378894,3331205,7413280,8148380,9769745,10497867,12542445,19925702,24210239,25967463,28800577,31614303,33653381,35051642,39316433,42066986,46393699,52229607
Turkmenistan,0,0,0,0,0,0,0,0,0,2011,6019,7997,13928,19795,35466,47416,63473,68492,86376,97655,152616,258703,379063,515163,666881,834613,1018710,0
Uganda,0,0,0,0,0,588,981,2256,14724,24563,39356,59141,98781,123765,198485,497294,747444,1123272,2501448,3205091,4239392,4566927,5119258,5820828,6562834,7159781,9075978,0
Ukraine,0,0,0,399,6977,21932,49864,99787,149781,199818,349785,599595,899082,1497897,1647591,1758346,2100593,3038306,5080507,8232930,10669653,13084166,15994710,18476777,20752290,21830759,23552471,0
United Arab Emirates,0,0,0,0,0,2521,9651,88981,196068,446512,745361,873807,993125,1103045,1231747,1831825,2725857,3686881,4343395,4906492,5624065,6764531,7565384,7925511,8200064,8284643,8398269,8913210
United Kingdom,49953,99903,149839,299645,599272,1098787,2398181,4309135,8003083,12509316,15811652,19803848,33520289,38619900,39289976,42200728,41844488,46116268,48661550,52411010,53810817,54482584,56206188,58076224,59560870,60165510,62351648,0
United States,1981674,2965851,4439033,5906809,12776546,24539142,44135783,58826128,82919577,99968569,121475820,139807922,169012061,178938683,189443366,200593775,205295950,225446381,224496810,217314217,221265013,216894445,234061561,225293187,231934709,238520635,245425910,0
United States Virgin Islands,0,0,0,0,1003,3009,5016,7526,10036,12036,15020,19973,29847,29720,29591,29475,29375,29292,29222,29169,33140,37680,42801,47706,52629,57568,62537,0
Uruguay,0,0,0,0,2000,10001,60007,110012,230024,330031,350028,370022,380014,530011,567194,668055,979327,1135512,1316874,1405632,1565729,1740369,1849673,1966078,2101653,2216783,2286820,0
Uzbekistan,0,0,0,0,0,349,998,2499,5004,7516,120355,150519,276023,494036,678527,886437,1717837,2044364,2516629,3350481,4548401,5406690,6971633,8045289,10827364,13257737,14714360,0
Vanuatu,0,0,0,0,0,0,98,244,488,976,3902,5358,6808,7766,9690,10641,12557,14957,16380,17309,18904,22252,26228,28605,48664,59142,64896,0
Venezuela,0,0,2513,8843,12055,27118,56231,90351,326199,682373,822710,1156612,1247681,1940130,2212664,3362215,4147085,5768236,7283072,9348055,10847776,11850136,14662581,16644499,17520875,19275447,18940907,0
Vietnam,0,0,0,0,0,0,103,3084,10260,102357,204125,1026948,1520292,3128094,6383526,10740887,14682703,17826766,20740506,23248616,27116825,31365431,33286292,35226624,37943415,40703632,43974618,0
World,2630452,0,0,14073444,25348069,44714405,77323781,120719713,188144724,281428387,414371966,502668939,664809555,780750279,912821319,1029023007,1158678340,1369818178,1558290574,1742929484,1999332784,2192101639,2437368309,2649104793,2902737310,3175188441,3419398061,0
Yemen,0,0,0,0,0,0,99,2465,3941,9841,14747,16699,98152,117694,176395,215832,264046,1089755,1540355,2288303,2915437,3614791,4345918,5115264,5918547,6482879,6779981,0
Zambia,0,0,0,0,603,803,852,902,3008,15058,20122,25234,53128,111991,236225,343698,515141,619755,726080,849100,1385003,1640447,1979817,2333594,2967985,3381123,4231896,0
Zimbabwe,0,0,0,0,193,870,1934,3874,9711,19505,49064,98910,137506,227410,268328,310561,314982,399897,474546,552424,901524,1208479,1765299,2333448,2522081,3588237,3733962,0
Montenegro,0,0,0,0,0,0,0,0,0,0,0,0,0,0,155940,167041,178553,190801,204376,218621,234107,222738,356030,378200,382881,427912,439287,448274
South Sudan,0,0,0,0,0,0,0,0,0,0,0,0,0,0,0,0,0,0,0,0,0,0,0,428094,520756,653517,816980,0
Curacao,0,0,0,0,0,0,0,0,0,0,0,0,0,0,0,0,0,0,0,0,0,0,0,0,0,0,98580,0
