Date,Facebook,YouTube,Twitter,Pinterest,Instagram,StumbleUpon,LinkedIn,Tumblr,Google+,NowPublic,reddit,Digg,Delicious,Mixx,Yahoo! Buzz,VKontakte,news.ycombinator.com,orkut
2009-04,13.4,0,5.23,0,0,17.85,0,0,0,0.21,3.98,34.14,0.73,14.74,3.26,0,0.16,1.66
2009-05,14.8,0,6.12,0,0,15.46,1.43,0,0,0.25,3.19,37.11,1.08,12.33,3.63,0,0.22,1.64
2009-06,16.06,0,7.37,0,0,14.23,2.49,0,0,0.08,7.19,41.28,1.55,3.74,1.78,0,0.16,1.19
2009-07,19.87,0,17.74,0,0,13,1.67,0,0,0.04,4.35,31.32,2.07,6.19,1.99,0,0.18,0.71
2009-08,23,0,13.08,0,0,10.83,2.14,0,0,0.08,3.63,36.08,1.04,5.68,2.17,0,0.1,1.05
2009-09,27.98,0.14,7.19,0,0,9.23,2.42,0,0,0.13,2.11,38.57,0.93,5.72,2.68,0,0.12,1.31
2009-10,24.69,9.57,12.48,0,0,10.57,2.21,0,0,0.2,2.45,28.25,0.82,4.82,1.41,0,0.14,1.5
2009-11,34.07,8.23,12.91,0,0,8.69,1.79,0,0,0.04,1.95,17.18,5.6,3.76,2.98,0,0.14,2.01
2009-12,54.66,4.64,4.56,0,0,4.65,1.37,0,0,0.04,1.24,12.96,9.77,2.62,2.03,0,0.08,0.87
2010-01,52.33,5.38,4.97,0,0,5.45,1.89,0,0,0.03,1.43,13.26,9.88,2.11,2.14,0,0.11,0.64
2010-02,47.89,5.72,7.54,0,0,6.53,2.47,0,0,3.63,1.25,10.84,5.57,1.81,5.51,0,0.21,0.53
2010-03,44.67,7.38,7.55,0,0,8.41,3.15,0,0,8.48,1.63,8.86,4.03,1.47,2.91,0,0.23,0.57
2010-04,64.05,4.52,6.69,0,0,6.38,1.67,0,0,3.09,0.99,5.44,3.12,0.98,1.94,0,0.17,0.5
2010-05,65.29,4.87,6.38,0,0,6.13,1.72,0,0,2.66,1.13,5.15,2.43,0.85,2.13,0,0.17,0.58
2010-06,73.06,5.71,4.88,0,0,4.45,1.4,0,0,2.03,0.7,4.06,1.14,0.46,0.9,0,0.16,0.41
2010-07,77.71,5,5.4,0,0,3.52,0.81,0,0,1.57,0.57,3.13,0.86,0.3,0.21,0,0.09,0.18
2010-08,75.25,5.96,6.54,0,0,4.14,0.91,0,0,1.6,0.61,2.78,1,0.42,0.19,0,0.07,0.23
2010-09,75.44,6.55,5.54,0,0,4.75,1.04,0,0,2.03,0.75,1.78,0.79,0.46,0.2,0,0.1,0.31
2010-10,79.56,5.74,4.39,0,0,4.01,0.87,0,0,1.27,0.61,1.64,0.69,0.4,0.13,0,0.08,0.26
2010-11,80.66,5.39,4.01,0,0,4.16,0.86,0,0,1.17,0.64,1.45,0.62,0.32,0.14,0,0.1,0.12
2010-12,80.81,5.6,4.22,0,0,3.89,0.84,0,0,1.19,0.59,1.4,0.59,0.28,0.11,0,0.12,0.06
2011-01,83.84,5.05,3.49,0,0,3.2,0.71,0,0,0.98,0.51,1.15,0.37,0.26,0.1,0,0.08,0.04
2011-02,82.31,5.83,3.53,0,0,3.64,0.79,0,0,1.29,0.45,1.13,0.29,0.27,0.12,0,0.08,0.05
2011-03,88.01,3.07,2.99,0,0,2.58,0.5,0,0,1.1,0.3,0.72,0.18,0.22,0.09,0,0.05,0.05
2011-04,92.27,2.2,1.6,0,0,1.91,0.42,0,0,0.49,0.17,0.56,0.1,0.1,0.03,0,0.04,0.03
2011-05,88.74,3,1.79,0,0,2.54,0.63,0,0,2.23,0.22,0.55,0.12,0,0,0,0.05,0.03
2011-06,86.62,3.46,2.1,0,0,3.07,1.1,0,0,2.55,0.24,0.52,0.08,0,0,0,0.07,0.03
2011-07,82.69,4.77,2.51,0,0,4.58,1.55,0,0.59,2.1,0.35,0.52,0.08,0,0,0,0.08,0.08
2011-08,84.22,4.83,2.24,0,0,4.89,1.15,0,0.29,1.34,0.3,0.43,0.08,0,0,0,0.08,0.08
2011-09,84.58,3.55,3.85,0,0,4.56,1.04,0,0.18,1.14,0.36,0.4,0.08,0,0,0,0.05,0.07
2011-10,80.23,4.65,4.95,0,0,5.91,1.34,0,0.17,1.17,0.54,0.63,0.05,0,0,0,0.15,0.08
2011-11,83.82,3.17,4.37,0,0,5.06,0.93,0,0.16,1.13,0.39,0.68,0.05,0,0,0,0.08,0.06
2011-12,89.58,2.45,3.07,0,0,2.33,0.71,0,0.02,0.9,0.32,0.4,0.02,0,0,0,0.09,0.05
2012-01,89.99,2.5,3.06,0,0,2.03,0.85,0,0,0.58,0.34,0.46,0.02,0,0,0,0.07,0.05
2012-02,84.31,9.13,2.58,0,0,1.58,0.99,0,0.02,0.45,0.35,0.38,0.02,0,0,0.01,0.06,0.05
2012-03,72.85,23.98,0.94,0.04,0,0.43,0.99,0,0.05,0.17,0.14,0.12,0.01,0,0,0.02,0.02,0.1
2012-04,72.28,22.97,1.43,0.13,0,0.87,1.25,0,0.05,0.41,0.12,0.21,0.01,0,0,0.01,0.03,0.09
2012-05,71.29,21.92,1.99,0.2,0,1.08,1.41,0,0.04,1.31,0.18,0.29,0.01,0,0,0.01,0.03,0.08
2012-06,73.82,18.58,2.1,0.27,0,1.23,1.39,0,0.04,1.68,0.21,0.36,0.01,0,0,0.01,0.05,0.06
2012-07,79.72,9.06,3.31,0.54,0,2.28,1.36,0,0.01,2.38,0.39,0.64,0.02,0,0,0,0.08,0.03
2012-08,80.72,6.73,4.14,0.83,0,2.75,1.46,0,0,2.53,0.46,0.03,0.02,0,0,0,0.17,0.02
2012-09,76.59,8.49,4.29,1.01,0,3.14,1.81,0,0,3.91,0.49,0.03,0.02,0,0,0,0.09,0.02
2012-10,77.77,8.3,5.14,1.15,0,2.75,1.48,0,0,2.58,0.52,0.03,0.03,0,0,0,0.11,0.02
2012-11,79.11,6.35,5.45,1.34,0,2.43,1.78,0,0,2.52,0.58,0.01,0.02,0,0,0,0.17,0.02
2012-12,80.24,5.25,5.93,1.46,0,2.23,1.7,0,0,2.35,0.5,0.02,0.02,0,0,0.01,0.19,0.02
2013-01,78.35,6.1,6.95,1.6,0,2.41,1.57,0,0.01,2.28,0.48,0.02,0.01,0,0,0.01,0.12,0.02
2013-02,79.4,5.75,6.09,1.62,0,2.39,1.5,0,0.61,1.97,0.45,0.01,0,0,0,0.01,0.13,0.02
2013-03,76.49,7.14,6.75,1.7,0,2.79,1.31,0,0.7,2.52,0.46,0.02,0,0,0,0.01,0.04,0.01
2013-04,78.38,4.91,6.94,1.76,0,3.08,1.26,0,0.72,2.3,0.52,0.04,0.01,0,0,0,0,0.01
2013-05,81.44,4,5.63,1.55,0,3.01,1.11,0,0.6,1.97,0.57,0.02,0,0,0,0.03,0,0.01
2013-06,81.69,3.8,5.13,1.28,0,2.46,0.92,0,0.58,3.56,0.44,0.02,0,0,0,0.05,0,0.01
2013-07,78.03,5.34,6.11,1.54,0,3.08,1.04,0,0.63,3.72,0.42,0.02,0.01,0,0,0.01,0,0.01
2013-08,81.03,5.04,6,1.45,0,3.13,1.14,0,0.63,1.07,0.39,0.03,0,0,0,0.01,0,0.01
2013-09,81.84,4.34,6.2,1.52,0,2.8,1.02,0,0.64,1.08,0.45,0.03,0,0,0,0.01,0,0.01
2013-10,84.57,3.47,4.91,1.09,0,2.34,0.8,0.3,0.6,1.49,0.34,0.02,0,0,0,0.01,0,0
2013-11,85.57,3.44,4.19,0.98,0,1.99,0.57,2.24,0.54,0.14,0.28,0.02,0,0,0,0.01,0,0
2013-12,79.54,7.23,4.92,1.3,0,2.24,0.68,2.83,0.63,0.16,0.34,0.03,0,0,0,0.01,0,0
2014-01,78.99,8.12,4.71,1.37,0,2.03,0.64,2.95,0.68,0,0.42,0.02,0,0,0,0.01,0,0
2014-02,79.69,6.77,3.94,1.58,0,2.07,0.65,3.47,0.63,0,1.11,0.02,0,0,0,0.01,0,0
2014-03,80.06,7.42,4.02,1.8,0,2.01,0.62,2.81,0.7,0,0.49,0.02,0,0,0,0.01,0,0
2014-04,80.86,5.93,4.32,1.84,0,2.44,0.67,2.74,0.71,0,0.42,0.01,0,0,0,0.01,0,0
2014-05,81.2,5.79,4.4,2.03,0,2.58,0.55,2.23,0.66,0,0.48,0.01,0,0,0,0.01,0,0
2014-06,81.05,6.66,3.96,1.86,0,1.99,0.22,3.15,0.61,0,0.42,0.01,0.01,0,0,0.01,0,0
2014-07,88.16,2.85,3.25,1.46,0,1.13,0.31,1.95,0.49,0,0.29,0.01,0,0,0,0.03,0.02,0
2014-08,92.13,0.69,2.68,1.19,0,1.04,0.25,1.28,0.39,0,0.25,0,0,0,0,0.02,0.02,0
2014-09,94.14,0.42,2.17,0.93,0,0.67,0.21,0.75,0.33,0,0.32,0,0,0,0,0.01,0.01,0
2014-10,94.58,0.48,2.05,0.85,0,0.6,0.17,0.67,0.36,0,0.19,0,0,0,0,0.02,0.01,0
2014-11,94.73,0.4,1.65,0.91,0,0.63,0.16,0.61,0.4,0,0.45,0,0,0,0,0.03,0.02,0
2014-12,95.64,0.13,1.5,0.85,0,0.59,0.14,0.53,0.4,0,0.18,0,0,0,0,0.02,0.02,0
2015-01,95.67,0.11,1.58,0.84,0,0.57,0.13,0.49,0.39,0,0.16,0.01,0,0,0,0.02,0.02,0
2015-02,95.19,0.11,1.74,0.85,0,0.63,0.15,0.52,0.57,0,0.18,0,0,0,0,0.02,0.01,0
2015-03,95.44,0.14,1.48,0.8,0,0.54,0.12,0.59,0.66,0,0.2,0,0,0,0,0.02,0.01,0
2015-04,95.53,0.1,1.59,0.78,0,0.56,0.12,0.56,0.53,0,0.18,0,0,0,0,0.02,0.02,0
2015-05,95.65,0.1,1.51,0.79,0,0.54,0.12,0.54,0.54,0,0.16,0,0,0,0,0.01,0.02,0
2015-06,95.97,0.09,1.36,0.83,0,0.51,0.14,0.5,0.43,0,0.14,0,0,0,0,0.01,0.01,0
2015-07,96.06,0.09,1.4,0.82,0,0.44,0.14,0.47,0.39,0,0.16,0,0,0,0,0.01,0.01,0
2015-08,94.35,0.22,1.81,1.16,0,0.6,0.28,0.61,0.58,0,0.36,0,0,0,0,0.02,0.01,0
2015-09,91.77,0.48,1.98,1.62,0,1.01,0.41,0.98,0.67,0,1.05,0,0,0,0,0.02,0.01,0
2015-10,92.58,0.22,2.6,1.5,0,0.77,0.27,0.77,0.88,0,0.36,0,0,0,0,0.02,0.01,0
2015-11,91.94,0.19,2.8,1.81,0,0.87,0.24,0.64,0.92,0,0.53,0,0,0,0,0.03,0.02,0
2015-12,93.37,0.22,2.34,1.46,0,0.61,0.18,0.5,0.85,0,0.4,0,0,0,0,0.04,0.02,0
2016-01,94.5,0.2,1.95,1.19,0,0.47,0.23,0.41,0.71,0,0.3,0,0,0,0,0.03,0.01,0
2016-02,95.43,0.05,1.58,1.08,0,0.43,0.29,0.3,0.51,0,0.27,0,0,0,0,0.03,0.01,0
2016-03,95.84,0.04,1.57,0.84,0,0.37,0.25,0.34,0.55,0,0.15,0,0,0,0,0.04,0.01,0
2016-04,95.81,0.06,1.51,0.77,0,0.32,0.26,0.47,0.62,0,0.13,0,0,0,0,0.04,0.01,0
2016-05,95.8,0.05,1.33,1.14,0,0.3,0.25,0.43,0.5,0,0.15,0,0,0,0,0.05,0.01,0
2016-06,95.16,0.12,1.53,1.2,0,0.27,0.53,0.54,0.43,0,0.17,0,0,0,0,0.03,0.01,0
2016-07,94.38,0.04,1.2,1.28,0,0.28,2.06,0.39,0.22,0,0.09,0,0,0,0,0.03,0.01,0
2016-08,95.81,0.03,1.51,1.31,0,0.26,0.38,0.29,0.27,0,0.09,0,0,0,0,0.03,0.01,0
2016-09,96.37,0.02,1.41,1.12,0,0.22,0.4,0.19,0.16,0,0.07,0,0,0,0,0.02,0,0
2016-10,97.18,0.04,0.94,1.02,0.04,0.16,0.27,0.15,0.1,0,0.07,0,0,0,0,0.02,0,0
2016-11,97.29,0.05,0.91,0.9,0.12,0.17,0.23,0.14,0.12,0,0.06,0,0,0,0,0.01,0.01,0
2016-12,96.87,0.05,1.13,1.05,0.18,0.16,0.23,0.15,0.12,0,0.06,0,0,0,0,0,0,0
2017-01,96.64,0.05,1.14,1.3,0.13,0.17,0.21,0.15,0.13,0,0.06,0,0,0,0,0.01,0.01,0
2017-02,96.79,0.04,1.04,1.33,0.12,0.16,0.19,0.13,0.1,0,0.07,0,0,0,0,0.03,0.01,0
2017-03,96.27,0.05,1.22,1.54,0.18,0.17,0.19,0.14,0.12,0,0.08,0,0,0,0,0.02,0.01,0
2017-04,95.86,0.12,1.4,1.52,0.28,0.25,0.15,0.12,0.12,0,0.15,0,0,0,0,0.03,0.01,0
2017-05,96.37,0.71,1.27,0.76,0.19,0.2,0.19,0.08,0.13,0,0.07,0,0,0,0,0.02,0,0
2017-06,94.3,1.33,1.49,1.57,0.38,0.21,0.36,0.1,0.16,0,0.07,0,0,0,0,0.01,0.01,0
2017-07,93.36,2.04,1.38,1.73,0.73,0.2,0.21,0.11,0.14,0,0.07,0,0,0,0,0.01,0.01,0
2017-08,90.36,3.33,1.23,1.82,2.54,0.2,0.18,0.09,0.13,0,0.11,0,0,0,0,0.01,0,0
2017-09,91.21,2.14,1.57,2.23,1.97,0.25,0.22,0.09,0.16,0,0.15,0,0,0,0,0,0.01,0
2017-10,88.38,1.97,3.53,2.05,3.28,0.2,0.22,0.08,0.16,0,0.12,0,0,0,0,0,0.01,0
2017-11,86.37,5.64,2,1.59,3.76,0.15,0.24,0.06,0.09,0,0.09,0,0,0,0,0,0.01,0
2017-12,85.02,6.82,1.21,1.62,4.78,0.11,0.19,0.06,0.08,0,0.11,0,0,0,0,0.01,0,0
2018-01,85.3,6.73,1.09,1.64,4.8,0.12,0.12,0.05,0.07,0,0.06,0,0,0,0,0.02,0.01,0
2018-02,82.98,9.15,1.26,1.89,4.2,0.16,0.14,0.07,0.09,0,0.06,0,0,0,0,0,0,0
2018-03,81.52,9.38,1.13,1.74,5.66,0.16,0.17,0.07,0.11,0,0.06,0,0,0,0,0,0.01,0
2018-04,83.49,9.7,1.34,2.43,2.33,0.16,0.25,0.07,0.14,0,0.07,0,0,0,0,0.01,0,0
2018-05,84.2,9.34,1.12,2.61,1.97,0.15,0.28,0.08,0.15,0,0.06,0,0,0,0,0.02,0.01,0
2018-06,77.2,12.63,1.84,3.71,3.61,0.14,0.4,0.15,0.18,0,0.06,0,0,0,0,0.07,0,0
2018-07,77.08,11.11,2.14,3.92,4.95,0.08,0.27,0.1,0.18,0,0.07,0,0,0,0,0.09,0.01,0
2018-08,76.87,10.8,1.97,4.3,5.36,0,0.23,0.09,0.19,0,0.09,0,0,0,0,0.08,0.01,0
2018-09,83.83,7.48,1.44,2.68,4.11,0,0.11,0.15,0.11,0,0.06,0,0,0,0,0.03,0,0
2018-10,86.56,5.22,1.04,2.01,4.79,0,0.07,0.1,0.12,0,0.06,0,0,0,0,0.03,0,0
2018-11,88.23,5.08,1.2,2.14,2.93,0.01,0.08,0.08,0.15,0,0.08,0,0,0,0,0.02,0,0
2018-12,89.28,3.58,1.56,2.68,2.34,0.01,0.1,0.08,0.22,0,0.12,0,0,0,0,0.03,0,0
2019-01,90.45,2.53,1.75,2.95,1.77,0,0.11,0.06,0.18,0,0.17,0,0,0,0,0.03,0,0
2019-02,91.97,1.93,1.42,2.76,1.66,0,0.09,0.04,0.06,0,0.06,0,0,0,0,0.01,0.01,0
2019-03,90.29,2.32,1.41,3.33,2.41,0,0.08,0.05,0.04,0,0.05,0,0,0,0,0.02,0,0
2019-04,87.62,3.25,1.76,4.26,2.82,0.01,0.13,0.05,0.01,0,0.06,0,0,0,0,0.03,0.01,0
2019-05,90.4,2.6,1.28,3.58,1.88,0,0.12,0.04,0,0,0.05,0,0,0,0,0.03,0,0
2009-03,0,0,0,0,0,0,0,0,0,0,0,0,0,0,0,0,0,0
